X1_complex_code,X_10,X_20,X_40,X_60,X_80,X_100
2r58,8,3,8,23,60,17
3c2f,0,7,34,9,17,5
3g2y,8,16,7,5,74,1
3pce,5,16,26,53,40,69
1jfh,4,4,19,48,16,26
2w8w,4,18,17,45,69,15
3gv9,1,16,26,41,40,69
4tim,5,7,30,40,45,40
3gqz,1,19,7,12,66,1
3l7d,4,4,22,18,38,81
4ahr,8,16,21,52,56,71
4ahs,5,16,14,40,45,40
1x8d,5,13,23,38,78,41
4g0z,0,18,34,45,20,28
1icj,8,3,8,44,58,22
1m0n,1,18,17,45,69,15
2aac,5,13,23,38,78,41
4aci,5,10,18,36,43,12
1ajp,5,16,26,53,40,50
2igv,8,16,7,10,60,17
3ao5,1,8,9,5,32,48
1ew8,5,10,28,22,25,10
3ao1,5,13,38,13,64,56
4ahu,1,16,26,41,40,69
3ip8,8,16,26,41,40,69
4ddk,5,16,26,53,40,69
3dyo,8,4,19,18,19,3
3kgq,5,10,18,36,43,12
3mhw,5,13,38,13,29,56
3pcg,8,16,7,51,10,73
3rv4,0,9,34,9,17,37
4g0y,0,18,34,45,20,28
4jsz,5,13,38,13,64,56
1m0o,1,18,17,45,69,15
4iie,5,13,23,38,78,41
3gtc,8,19,7,12,24,46
3t0d,5,13,23,38,44,30
6rnt,0,18,34,45,20,28
3f6e,0,9,34,9,69,86
1f73,4,4,19,18,12,68
1nwl,3,19,20,35,13,34
1oba,5,10,31,0,47,84
2i2b,4,18,22,54,61,49
3l7c,4,4,19,18,38,68
3mjl,5,10,31,27,25,31
3l79,4,4,19,18,38,68
4ddm,1,16,14,41,32,48
1tok,5,10,30,22,57,36
1utl,8,3,8,23,19,52
1gyx,5,13,14,40,45,40
4efk,5,16,38,13,29,43
1ai4,8,16,7,51,10,73
3g30,1,8,7,10,66,71
3bf1,0,9,34,9,17,37
3gr2,8,16,7,5,74,1
3vdb,5,13,23,38,44,30
4g0q,4,18,17,45,73,5
4hj2,9,12,5,6,79,34
3ovn,1,16,21,52,56,87
1gwv,4,4,19,48,16,26
3gvb,1,16,7,51,10,73
2r5a,8,3,8,23,60,17
3f37,5,13,14,14,4,29
1ajn,8,16,26,41,56,71
4i8x,1,6,7,39,31,27
3a1e,0,9,6,9,17,20
3lvw,4,4,5,10,12,80
4b3c,5,13,38,13,64,56
4b3d,5,13,38,13,64,56
3elc,4,4,19,18,38,68
2fzc,4,7,17,56,34,5
2uyn,5,10,31,27,68,62
3bra,8,16,7,51,10,73
1pfu,5,3,26,23,60,98
2rkd,5,10,30,22,57,36
2qwb,4,4,19,18,12,68
2vyt,8,3,8,23,60,17
1rql,5,10,31,27,25,31
4bt5,5,10,31,27,68,62
2bet,5,7,17,10,34,70
2yiv,5,3,8,23,47,17
2bza,5,13,38,13,64,56
3djx,4,18,17,45,73,5
3ppr,5,3,8,40,47,35
4dsu,5,13,14,14,4,29
3moh,5,10,30,22,57,36
3zt2,1,6,3,24,46,72
3qx8,0,9,6,34,42,85
3zt3,1,6,3,24,46,72
1cet,8,19,20,28,21,27
1iih,5,10,18,30,49,12
1ugp,5,10,31,27,68,62
3g31,8,16,7,12,74,96
4b35,1,16,21,52,56,87
3c2u,8,3,8,44,19,3
1h2k,5,10,18,36,49,12
2fw6,5,10,18,36,43,12
3alt,4,4,19,48,16,26
3k8c,4,7,17,10,34,7
4ai5,5,13,38,13,29,43
4ef6,8,16,21,52,56,71
1tng,5,3,8,23,47,41
2vmc,4,4,19,18,12,80
1f4e,1,19,7,33,66,38
2w8j,4,18,17,45,69,15
3dhv,0,18,34,45,20,28
3g34,1,6,24,43,2,1
4dst,1,16,21,5,32,1
2hw2,2,2,12,16,75,33
4ceb,9,17,39,11,37,47
3ckb,4,1,4,55,41,6
3djq,0,9,34,9,73,5
4bps,8,16,7,41,56,71
1ecq,5,13,23,38,60,41
1ws4,5,13,23,38,44,30
2q8h,5,10,31,27,25,93
2rka,5,10,30,22,57,36
2v3u,5,10,31,27,68,62
3ime,1,16,26,41,40,69
4b2i,5,13,14,14,4,29
4k0o,4,4,19,48,16,26
4l51,4,7,17,45,34,7
1utm,8,16,21,52,56,52
4g0p,4,18,17,45,73,5
2vmd,5,13,23,38,44,30
1ogd,5,13,23,38,78,41
1ws5,5,13,23,38,44,30
2ha3,5,10,31,0,47,84
3adv,8,16,7,52,10,52
1rtf,5,13,38,13,64,56
3t08,8,4,19,18,19,3
3t1m,9,14,15,35,54,81
4i7k,5,13,14,14,4,29
1f74,4,4,19,18,12,80
1uj5,4,7,17,10,34,7
1uj6,4,7,17,18,34,7
4g5f,8,16,7,51,10,73
2jfh,1,14,13,33,52,38
1rnm,0,18,17,45,73,5
3mof,5,10,31,27,68,93
1y1z,5,10,31,27,68,62
1ugw,5,13,23,38,44,30
1ec9,4,4,23,18,12,68
3buf,8,16,7,51,10,73
3f78,5,10,30,22,57,36
3c2r,5,13,14,40,45,40
4bt3,5,10,31,27,68,62
4cgi,3,17,20,35,13,34
1ax0,4,4,19,18,12,80
2ya7,4,4,19,18,12,68
4b34,5,13,38,13,29,56
1e6q,5,13,23,38,44,30
4de5,8,16,7,51,10,73
4fzj,1,16,26,53,40,69
4lw1,1,8,3,39,32,48
3f34,5,13,21,52,56,52
1ro7,0,18,34,34,42,37
3bug,8,16,7,52,19,52
3dxh,0,9,34,9,73,5
3g1v,4,18,17,45,73,5
4gzx,4,4,19,48,16,26
1axz,5,13,23,38,44,30
1s5z,0,18,22,54,20,28
1br6,1,6,29,5,30,99
1e6s,5,13,23,38,44,30
1ew9,5,10,31,27,25,93
1k1y,2,1,4,55,41,6
1tog,8,16,7,51,10,73
1zc9,4,7,17,51,34,7
2ri9,5,13,23,14,78,41
2uy3,1,16,26,5,74,43
3aru,8,19,20,43,74,88
4n5d,1,16,7,51,74,43
1px4,8,4,19,18,19,3
3zsy,3,17,20,35,13,95
3qfz,5,13,23,38,44,30
4b2l,8,19,7,12,66,71
1v2j,5,13,38,13,64,56
3ta1,0,9,34,9,17,37
3t1l,4,4,19,18,54,81
5yas,5,10,31,27,68,93
3ioe,4,18,22,54,61,49
3d52,4,4,19,18,38,81
3tfu,4,18,17,45,69,15
4fl1,0,9,6,9,17,20
1d7j,5,10,31,0,47,29
1phw,4,7,17,45,34,7
1tpw,5,7,30,30,50,70
2vw2,8,3,8,44,58,22
3aaq,0,9,6,9,17,20
3hcm,1,19,20,3,27,46
4ddh,1,16,3,39,66,71
4jss,5,13,14,14,4,29
1i2s,5,10,18,36,43,12
1pzp,1,6,3,39,31,94
1pzo,1,6,3,39,31,94
2wk6,5,10,14,14,4,66
4i7j,5,10,31,27,25,31
188l,5,13,14,14,4,29
1jlr,0,9,6,9,17,20
2pnc,1,16,21,52,32,46
4ab9,8,16,21,52,56,87
4b0b,1,6,29,39,31,59
4b5t,5,10,31,27,68,62
4b5w,5,10,31,27,68,31
3f33,8,16,21,52,18,52
4b32,8,16,21,52,56,87
4bt4,5,10,31,27,68,62
3c2o,5,13,14,40,45,40
3pwk,5,3,8,40,47,17
2vc7,8,3,8,44,58,22
187l,5,3,38,13,64,56
1tnh,5,16,26,53,40,69
1v2u,5,13,38,13,64,56
3d8z,8,19,20,43,74,76
3n35,4,4,19,18,12,80
4b33,5,13,38,13,64,56
2fzg,1,8,9,49,11,58
3tay,4,4,19,18,12,68
3w07,0,18,17,45,73,5
1toj,8,16,7,51,10,73
4ipn,4,4,19,48,16,26
1bxr,0,9,6,9,17,20
1ikt,8,0,1,15,18,96
1l83,5,10,31,27,25,31
1m83,0,9,6,9,17,20
1uz4,5,13,23,38,44,50
220l,5,10,31,27,25,31
223l,5,10,31,27,25,31
2vvp,4,7,17,10,34,7
3d8y,8,19,20,12,13,76
3jzh,2,12,10,17,65,24
4abe,8,16,21,12,31,52
2v2c,5,10,30,22,57,36
2qtn,4,18,17,45,73,5
2sim,4,4,19,18,12,68
2w08,5,10,18,36,49,35
3iob,4,18,22,54,61,49
2xog,4,18,22,54,42,28
3axz,4,18,22,54,61,49
3nik,4,12,5,1,3,19
1moq,4,7,17,18,34,7
4k5p,8,16,7,12,24,71
3ta0,0,9,6,9,17,20
4epy,3,17,39,11,37,39
4h42,1,8,9,5,32,48
2p3i,4,4,19,18,12,68
3g1d,0,18,17,45,73,5
3gx0,2,12,10,1,3,19
3nyd,5,13,14,14,4,40
1c5o,5,13,38,13,64,56
1gzc,4,4,19,48,16,26
1utn,5,13,38,13,64,56
4b5s,5,10,31,27,68,31
4i7p,5,10,14,14,25,29
1gz9,4,1,4,55,41,6
2r0h,2,1,4,55,41,6
1jys,5,13,14,14,4,29
2j27,5,10,30,22,57,36
2vw1,4,4,19,18,12,68
3lcu,4,18,22,54,61,49
3mfw,8,16,7,10,60,71
4eky,4,4,19,18,38,68
185l,5,13,14,14,4,29
3obq,2,11,0,2,36,14
1v2r,9,14,13,6,79,38
2cle,1,7,17,42,26,97
2qwc,4,4,19,18,12,68
4aji,8,16,7,12,74,71
1h46,8,19,20,12,21,27
1np0,4,16,21,18,19,3
3ff3,5,10,18,36,49,35
4abg,8,19,20,12,19,52
3dx1,5,13,23,14,78,41
1nli,5,13,14,14,4,29
2gsu,0,18,34,45,20,28
2nn8,6,15,2,37,7,74
1d7i,5,10,14,14,47,29
2fzk,1,8,9,49,11,5
2qpu,4,4,19,48,16,26
2xdk,1,16,21,52,56,87
3afk,6,15,2,37,7,8
3b3x,5,10,18,36,43,12
3g0i,5,3,8,23,47,17
3jdw,5,3,8,23,60,98
3m3o,4,4,19,48,16,26
4b3b,9,12,15,6,79,63
3jzj,2,1,4,55,41,6
3sk2,1,6,3,31,71,9
1pb9,5,10,31,27,25,31
4bkt,8,19,7,12,66,76
1gyy,1,16,7,41,66,71
2azr,1,8,9,51,32,48
2rk8,5,10,31,27,68,93
4iuo,5,13,26,53,40,50
4agl,1,8,16,7,39,66
2qv7,0,9,34,9,17,37
3buh,8,19,20,12,19,52
3oy8,4,4,19,48,16,26
3pcn,6,15,25,8,7,90
3t2q,5,13,23,38,44,30
4aia,5,13,38,13,29,43
4fl2,0,9,6,9,17,20
1c3x,1,8,16,7,32,66
2x6x,2,1,4,55,41,6
3ioc,3,6,22,54,61,49
3isj,1,8,9,33,66,1
4aje,1,8,16,41,32,21
4io7,8,16,7,23,10,73
4isu,4,19,7,51,10,73
2a8g,4,18,22,54,61,49
3d7b,4,4,22,18,38,68
1bcj,4,4,19,18,12,80
1gz3,0,9,6,9,17,20
1gz4,0,9,6,9,17,20
1pdz,5,10,30,22,57,36
1wht,8,16,7,12,10,73
2bvr,1,6,29,57,30,59
2fx6,5,13,38,13,29,56
3l59,8,19,7,15,74,96
2vfk,0,18,34,45,20,28
3fj7,5,10,30,22,57,36
3g32,1,6,3,5,66,1
1ai5,5,16,38,41,45,40
1grp,5,10,18,36,49,12
2am4,0,9,34,9,73,37
3f5l,4,4,19,48,16,26
3q6z,0,9,34,9,42,37
4tln,5,3,8,23,60,17
3fjg,5,10,18,30,49,12
4fz3,2,11,10,17,33,24
1f5k,5,13,38,13,64,56
2wq5,9,2,12,20,54,0
2pyi,4,4,19,18,38,81
3d6p,4,4,19,18,38,68
2x09,5,13,23,38,44,30
3d6q,4,4,20,18,38,76
1kui,9,12,15,6,79,63
2v2h,5,10,30,22,57,36
2y9g,4,4,19,48,16,26
3ao2,1,8,16,5,32,21
2clk,5,7,30,30,49,70
1kug,4,12,15,6,79,63
1li6,5,10,31,27,25,31
1nje,0,18,17,45,73,5
3t09,5,13,23,38,44,30
4ajl,1,19,29,5,2,1
2hu6,3,6,20,35,54,18
3ai8,1,16,26,41,40,69
1hn4,8,3,8,44,58,22
3g2h,4,4,19,18,38,81
4aba,1,16,21,52,32,52
4bks,1,19,20,35,66,18
1j16,5,13,38,13,64,56
1utj,5,13,38,13,64,56
3lzz,0,9,34,9,17,37
2wzs,5,13,23,38,44,30
2yb0,4,4,19,18,38,68
3mv0,5,13,23,38,44,30
3lbz,1,8,16,7,32,21
3spf,3,17,27,58,76,42
4i9u,1,8,9,49,11,13
1aj7,1,8,7,33,24,58
1v16,0,18,34,9,69,86
3g2l,3,6,3,3,54,81
3w5n,5,13,23,38,78,41
3wjw,4,18,17,45,73,5
3si4,8,19,20,35,13,34
1m0q,4,7,17,45,69,15
2ctc,8,16,7,51,10,73
3iae,9,2,12,46,69,86
3obx,2,11,37,19,33,91
3umo,0,9,6,9,17,20
4aj4,1,8,9,5,32,1
1avn,5,13,38,13,64,56
2gvv,8,3,8,44,58,22
2qw1,5,13,23,38,44,30
2rkm,8,3,5,23,3,17
2vhj,0,9,34,9,17,37
2vuk,3,19,24,28,21,72
2wor,1,6,3,39,31,94
2wos,1,6,3,39,31,94
2xpc,3,14,13,46,52,38
1kuk,9,12,5,6,13,34
1pr5,4,18,22,54,61,49
2yim,0,9,6,34,42,85
3ap4,4,4,19,48,16,26
3twp,5,13,14,40,45,40
1h5v,2,1,4,25,51,45
2a5b,4,18,22,54,38,68
2cbz,0,9,6,9,17,20
1v1m,0,18,34,9,69,86
1z3t,4,4,19,48,16,26
2v3d,8,4,19,18,19,3
4bi6,5,10,30,22,57,36
1mrs,0,18,17,45,73,5
2fpz,5,13,38,13,29,56
2wec,9,2,15,6,79,63
3c39,5,10,18,30,49,12
3gt9,3,17,27,58,76,95
4gqr,1,4,3,31,71,9
4agn,3,19,20,35,21,27
1v11,0,18,34,9,69,86
3b3c,5,3,8,40,47,35
4agm,1,19,16,7,39,21
1rpf,4,18,17,45,73,15
2g8r,4,4,22,18,38,68
4i7l,5,13,14,14,4,29
1e5j,2,1,4,55,41,6
1lgw,5,13,14,14,4,29
1nu3,5,3,8,23,47,17
1tni,8,3,8,12,19,52
1wc1,0,9,6,9,17,20
2buv,5,13,26,53,40,50
2ot1,1,8,9,49,11,13
2qrl,5,10,18,36,49,12
2rin,8,3,8,0,18,84
2whp,8,19,7,12,24,27
3a1c,0,9,6,9,17,20
3ijh,4,4,19,18,12,3
3m8t,1,8,9,51,10,73
3vd9,8,4,19,18,19,3
1c5z,5,13,38,13,64,56
1v2w,9,14,13,6,79,38
3fzn,0,9,34,46,69,86
2wvz,5,13,23,38,44,30
3po1,1,8,29,5,30,1
2q8m,0,18,34,45,20,28
2qrm,4,4,19,18,38,81
2x96,9,2,15,26,76,11
3bxh,4,7,17,18,34,7
3nq9,8,3,8,44,58,22
1hi5,0,9,34,9,17,37
1li2,5,13,14,14,4,29
1r4w,4,4,5,10,12,80
1toi,8,16,7,51,10,73
1tuf,8,3,8,44,58,22
2rk7,5,10,31,27,68,93
3fjz,5,10,18,36,49,12
3n8k,5,13,14,40,45,40
3qx9,0,9,6,9,17,20
2clh,1,8,9,33,11,13
3m3c,4,4,19,48,16,26
8a3h,4,4,19,48,16,26
1hyo,5,16,26,53,40,69
2v2v,4,18,22,54,38,81
2rke,5,10,28,27,25,10
2z1w,8,19,7,12,24,46
1ai7,5,13,14,14,4,29
1o0n,4,18,17,45,73,15
2v88,2,11,11,59,9,75
4b9z,2,1,4,55,41,6
4fxp,0,9,34,9,17,37
1c5t,1,16,21,52,56,87
1odj,4,18,22,54,38,49
2bvs,9,12,15,6,79,63
3gk1,8,19,20,12,66,46
3iod,3,6,22,54,61,49
1p19,0,18,34,45,20,28
1z3v,4,4,19,48,16,26
2exm,8,19,20,43,27,46
3d6o,4,4,20,18,38,76
3oyw,4,4,19,48,16,26
3v4t,0,9,34,34,42,37
4ih5,1,6,3,39,31,94
3a1d,0,9,34,9,17,37
3ivc,3,6,39,24,46,72
3mam,5,10,31,0,68,84
4kxb,8,19,5,12,13,76
3qto,8,19,20,35,13,34
4i7m,8,16,21,52,56,87
1m2x,8,16,7,10,19,17
1q91,3,14,13,42,6,99
2v2q,4,18,22,54,38,81
2vt3,0,9,6,9,17,20
2xg9,4,4,19,48,16,26
3a9i,8,3,8,23,60,17
3c8e,4,4,5,10,12,80
3d51,5,13,23,38,44,30
3sur,4,4,21,18,19,3
3sus,6,15,2,37,7,74
4abh,8,16,21,52,19,52
3si3,8,19,20,35,13,34
4jkw,0,7,17,56,8,5
1v2s,5,13,38,13,64,56
2vxj,4,1,4,55,41,6
3qfd,2,11,10,17,9,2
2qfu,5,10,18,36,49,12
3q2j,1,8,9,33,66,1
1hi3,0,18,34,45,20,28
3cr5,8,19,29,57,30,59
3sv2,8,19,20,35,13,34
1c5y,1,16,21,52,56,87
1c87,1,8,9,51,32,48
1ghw,1,6,29,57,30,59
1n3z,4,18,17,45,73,15
2r2b,2,1,4,55,41,6
3djp,4,18,17,45,73,15
3qx5,3,19,20,35,13,34
1odi,4,18,22,54,61,49
1qk4,0,18,34,45,20,28
4bqs,5,16,26,53,40,50
1kv5,5,10,30,22,57,36
1pzi,4,4,19,18,38,81
1t5f,8,3,8,23,60,17
1ua4,0,18,34,45,20,28
3kyq,8,3,8,44,58,22
4gny,8,3,8,44,58,22
2jke,5,13,23,38,44,30
2jkp,5,13,23,38,44,30
3zqe,8,0,1,47,22,32
2bes,4,7,17,10,34,7
3h78,5,13,14,40,45,40
1li3,5,13,14,14,4,29
2qrk,0,18,34,45,20,28
3qwc,3,19,20,35,13,34
1m5w,4,7,17,51,34,7
2vzr,5,13,23,38,44,50
3f5j,2,1,4,55,41,6
3gta,3,17,27,58,76,95
3jrs,8,0,1,47,18,96
1e2l,4,19,7,18,74,68
1v2l,5,13,38,13,64,56
2wuf,8,0,1,47,22,32
4i3z,0,9,34,9,17,37
1amk,5,10,30,22,57,36
1det,0,18,34,45,20,28
2cli,1,7,17,42,26,97
2q7y,2,12,5,1,65,77
3moe,5,10,30,22,57,36
3obu,2,11,0,2,36,14
3t0b,8,4,19,18,19,3
3upk,0,9,34,34,42,37
4eoh,5,13,38,13,29,43
4jc1,4,4,19,48,16,26
1ajq,5,13,14,40,45,40
2tpi,8,3,8,23,3,17
4kow,1,14,13,6,6,99
2ha6,8,3,8,0,18,84
2qtt,4,4,22,54,38,81
4rsk,4,18,17,45,73,15
1olx,0,18,34,9,69,86
3l7a,4,4,22,18,38,81
4ijh,1,8,9,24,46,21
1e3v,8,0,1,47,22,32
1z6s,0,18,34,45,20,28
2ha5,8,3,8,0,18,84
1ghv,1,6,29,57,30,59
1sv3,8,16,7,51,10,73
1yfz,0,18,34,45,20,28
1dy4,8,19,20,12,21,27
2ez7,5,16,26,10,60,98
3rsr,0,9,6,9,17,20
4nbn,1,6,29,57,31,59
1td7,1,8,32,42,26,97
4gu9,1,6,3,39,66,94
1bhf,9,12,10,6,79,63
3b24,8,16,21,52,56,87
3guz,5,13,31,40,47,35
2avq,2,11,10,17,48,2
2hjb,8,16,7,12,18,52
3djo,4,18,17,45,73,5
1p57,1,6,29,57,30,59
2pwd,5,13,23,38,44,30
3jzg,4,12,5,1,3,19
4abd,8,16,21,52,31,52
4dy6,0,9,6,34,42,37
1no6,1,6,3,39,46,94
1olu,0,18,34,9,69,86
2csn,1,8,9,33,66,1
2ypp,8,16,7,10,60,71
3rsx,1,6,29,39,31,94
3uxd,5,13,14,14,4,29
4exs,8,16,7,10,19,17
1tjp,4,18,17,45,73,80
3dri,4,12,5,1,3,19
4ek9,4,18,22,54,61,49
2pu2,1,6,3,24,46,18
2we3,0,9,6,9,17,20
2wyf,4,4,19,48,16,26
3kqr,5,10,30,40,47,35
3m3e,4,4,19,48,16,26
4axd,0,9,6,9,17,20
4dsy,1,16,7,39,31,73
4jpy,8,16,7,23,10,73
4kcx,3,17,20,32,37,92
2amt,0,9,34,9,42,37
3u81,4,18,22,54,61,49
2v86,7,11,11,59,53,75
4gki,3,17,24,15,0,57
4i8n,3,14,13,24,6,4
2r2w,1,19,29,57,30,59
2v83,7,11,11,59,53,75
3hl5,9,17,15,26,76,95
1jaq,4,12,5,1,3,80
1qan,4,18,22,54,61,49
2ogy,6,15,2,37,7,8
3p17,8,19,20,35,13,34
3t01,5,10,31,27,68,93
4dhl,1,6,3,39,32,48
1hi4,0,18,34,45,20,28
1j14,5,13,38,13,64,56
1o7o,0,9,34,9,73,5
3hl8,1,6,20,15,0,57
3kmy,1,6,29,39,31,27
4el0,4,4,19,18,38,81
2eg8,5,13,30,40,45,40
3n7h,8,19,20,12,74,52
3sw8,1,8,3,5,66,1
1gi7,1,6,29,57,30,59
2r1y,4,4,23,18,12,3
3aas,1,19,7,5,66,1
3uug,5,13,23,38,44,50
4abb,8,16,21,52,56,87
4g90,4,4,22,54,38,81
1ctt,4,4,19,18,38,68
1gu1,5,13,26,53,40,50
1mrn,0,9,6,34,42,85
1z4o,4,7,17,18,34,7
2a4m,8,16,7,12,66,71
2ra6,8,16,21,52,56,87
2wm0,2,1,4,55,41,6
3bzf,2,11,11,59,9,75
3gy7,6,15,2,37,7,74
3r6u,5,10,31,0,47,84
4gzw,2,1,4,55,41,6
3h30,1,6,22,54,38,81
1amw,0,9,34,9,17,37
1b2h,8,12,5,1,3,19
1lyx,5,10,30,22,57,36
1oko,5,13,23,38,44,30
1szd,0,9,34,9,42,37
2zz1,0,18,17,45,73,5
2zz2,4,18,17,45,73,5
3iub,1,6,13,33,37,38
4b76,1,19,3,39,31,46
3b2q,0,9,6,9,17,20
3djv,4,18,17,45,73,15
3p8p,8,3,8,23,60,17
3ppq,5,10,31,0,47,84
3rr4,1,6,29,5,2,1
3suv,4,4,19,18,12,80
3sym,4,4,19,18,38,68
4fp1,5,10,28,27,68,10
4bi7,5,10,30,22,57,36
1bma,9,14,32,6,72,0
2ihj,0,18,34,34,42,37
2jiw,4,4,19,18,12,80
3f3t,3,17,29,15,0,57
3hp9,1,8,32,42,26,97
3ujc,5,7,8,56,8,84
4c6u,1,16,7,5,74,1
4g8y,4,4,22,54,38,81
4j74,1,6,3,39,31,94
1pa9,1,7,17,41,45,70
1tx7,1,8,7,51,10,73
1upf,5,10,30,27,25,62
2pyy,5,10,18,36,49,35
2v54,0,9,34,9,73,5
2vb8,8,16,21,52,18,96
2vba,1,6,3,5,31,1
2wlz,4,4,19,48,16,26
3d7k,0,9,34,46,69,86
3vhk,1,6,3,39,31,27
4bc5,5,13,23,38,78,41
4jal,4,18,22,54,61,49
2bo4,5,10,18,36,43,12
3lgs,4,18,22,54,61,49
4io4,5,10,31,27,68,62
1f4f,1,14,13,33,52,38
1ofz,5,13,23,38,78,41
2a5c,4,18,22,54,61,49
2f6t,1,14,13,33,52,38
2xm2,4,4,19,18,12,80
3f5k,2,1,4,25,51,45
3tcy,8,16,7,23,10,73
3tk2,8,16,7,23,10,73
3u90,8,3,8,44,58,22
3umq,5,10,31,27,68,62
4abf,1,16,21,52,56,66
4ad3,4,4,19,48,16,26
3uj9,5,7,8,56,8,84
4hzm,4,4,19,18,12,80
3qtv,3,19,20,35,13,34
1bzj,1,8,9,42,26,48
1h4w,5,13,38,13,64,56
1m1b,5,10,30,22,57,36
2ca8,4,4,5,10,12,80
2ha2,8,3,8,0,18,84
3ddf,4,4,19,18,38,81
3vw1,3,0,24,28,21,27
4gkh,3,17,24,15,0,57
4nku,0,18,22,34,42,28
1c5p,5,13,38,13,64,56
1wn6,4,18,22,1,3,99
1xge,5,13,30,40,45,40
2nsl,0,18,17,45,20,28
2uy4,1,8,9,51,63,79
2ypo,8,16,7,23,10,73
3g35,1,6,3,39,31,94
4lar,8,16,21,52,56,52
2rio,0,9,34,9,17,37
3ujd,5,7,8,56,8,84
4agp,3,17,24,35,21,42
1c5n,1,8,16,52,32,66
1c86,1,8,9,51,32,48
2cex,4,4,19,18,12,68
2dw7,5,10,31,27,68,62
2fu8,8,16,7,10,19,17
2i2c,3,17,22,54,61,49
2qfo,5,13,14,40,45,40
3k5i,4,18,17,45,20,28
3kiv,8,3,8,23,10,17
3nkk,8,16,21,52,56,87
3suw,4,4,19,18,12,80
4j7d,3,17,27,15,0,57
4j93,1,6,39,11,37,39
4luz,3,17,39,58,46,4
1v2t,9,14,13,6,79,38
2qrh,4,4,19,18,38,81
3ny3,9,12,5,1,79,19
4ljh,6,15,2,37,7,8
184l,8,3,21,52,56,52
2o1c,5,10,28,22,57,10
3ebo,1,6,3,31,71,9
3f6g,5,3,8,40,47,35
3r6c,1,6,3,28,46,72
1v2o,9,14,13,6,79,38
1bty,5,13,38,13,64,56
1w4p,4,18,17,45,73,5
2e2p,0,9,34,9,17,37
2ov4,0,9,6,9,17,20
3dnt,0,9,6,9,17,20
3f3u,3,19,29,15,0,57
3lcv,4,18,22,54,61,49
4ih6,8,19,20,15,74,96
4kyk,1,6,24,24,2,72
3g2j,4,4,19,18,12,68
3nim,4,12,5,1,3,19
3vw2,3,17,24,28,37,72
3o5n,1,16,7,24,66,71
1str,2,11,10,17,33,24
2afw,8,19,7,12,24,58
2b4l,5,10,31,0,68,84
2dua,5,10,31,27,68,93
3d50,8,4,19,18,19,3
3iqu,2,11,10,17,48,2
3rm9,8,19,29,12,24,27
4kax,0,9,6,9,17,20
4ad6,1,16,21,5,56,1
1oss,5,13,38,13,64,56
2nsj,0,18,17,45,20,28
3eb1,3,6,3,35,21,27
3g2k,3,6,3,3,54,81
1bju,1,6,29,57,30,59
1ghz,1,6,29,57,30,59
2nta,1,8,9,49,32,48
3dnd,1,16,29,39,31,59
4aq6,5,16,26,53,40,50
4ago,3,19,20,15,0,0
1aid,3,19,24,28,21,27
1dud,0,9,34,9,73,5
1f8e,4,4,19,18,12,68
1v1j,5,13,26,53,40,50
1xff,5,10,18,36,49,35
1y3p,2,1,4,55,41,6
2gl0,4,18,22,54,61,49
2gzl,0,9,34,34,42,37
2pwg,5,13,23,38,44,30
2ypi,5,10,30,22,57,36
3kmx,8,19,20,12,24,46
3r88,1,16,21,52,56,87
4fys,2,2,12,26,33,24
4io6,5,3,8,23,60,98
3a1s,0,9,34,9,17,37
3r0y,9,2,15,26,59,23
3vvy,3,6,24,28,21,72
186l,8,3,8,12,19,52
1c83,1,8,3,51,66,48
1ecv,1,8,16,7,39,21
1n51,9,12,15,35,13,34
1qji,9,2,15,26,76,23
1xgi,1,8,9,49,11,13
2qwd,4,4,19,18,12,68
2r9x,3,6,3,24,46,72
2w4x,4,4,19,18,12,80
3f70,8,3,8,23,60,17
3ohi,4,7,17,45,34,7
3qnd,4,4,19,18,12,68
3ru1,8,19,20,35,13,27
3zyf,4,4,19,18,38,81
4hpi,2,1,4,55,41,6
4iic,5,13,23,38,78,41
4j7e,9,17,27,46,28,53
3g2i,4,4,19,18,38,81
4ipj,5,10,31,27,68,62
3exh,0,18,34,9,69,86
3lp4,8,3,8,23,60,17
3pju,0,9,6,34,42,54
2aoc,2,11,10,17,48,2
2j77,5,13,23,38,44,30
3juk,0,9,34,9,42,37
3m8u,2,12,10,1,3,19
3njq,3,17,39,35,37,34
3cf8,1,6,3,31,71,9
1km3,4,18,17,45,73,5
3juq,1,19,20,12,66,46
3rdv,2,11,37,19,33,91
1bzc,1,14,32,42,26,97
1e1v,8,19,20,43,27,46
1h1p,8,19,20,43,27,46
1jqy,4,4,19,6,54,81
2haw,5,10,28,22,57,10
3eax,9,2,36,58,5,67
3rv8,1,6,3,39,66,71
4j47,4,12,5,1,3,19
3uxk,5,16,21,52,56,87
4ido,0,9,34,9,17,37
1e2k,4,19,7,18,74,68
2vo4,8,16,7,51,10,73
2vpe,2,11,10,17,48,2
4dmw,0,9,34,9,73,5
4ts1,8,16,7,10,60,71
1jn4,0,9,6,34,42,37
2x95,9,12,15,35,13,34
4bup,4,18,22,54,61,49
1dar,0,9,34,9,17,37
1elr,2,12,10,17,65,24
1o5g,3,6,29,57,30,59
1tsy,0,18,17,45,73,5
1uz8,4,1,4,55,41,6
2vjx,5,13,23,38,44,50
2w67,8,4,19,18,19,3
3bxg,4,7,17,18,34,7
3lbj,3,17,27,58,28,42
3veh,4,16,7,10,66,71
3zsq,3,17,27,58,76,47
4jsa,5,13,38,13,64,56
3qbc,1,16,21,52,56,87
4e3g,5,16,26,53,40,50
4in9,9,12,15,6,79,34
2w47,4,4,19,48,16,26
1byk,4,4,19,48,16,26
1c84,1,8,3,39,66,48
1hlk,1,6,3,31,54,9
1nc3,4,4,22,54,38,81
1o35,1,6,29,57,30,59
1ql7,3,17,13,46,52,53
1sbr,1,19,29,5,2,88
2oiq,3,17,39,32,28,53
2oym,4,4,19,18,38,81
2vxn,5,7,30,30,50,70
3cfn,1,6,3,39,31,94
3gbe,5,13,23,38,44,30
3k02,2,1,4,55,41,6
3p9m,2,11,11,19,9,91
1ppi,2,1,4,55,41,6
2glp,1,8,16,7,39,21
4agq,3,17,20,35,21,42
4dds,1,6,3,24,46,94
2d0k,4,14,22,6,6,99
2xbp,0,9,6,9,17,20
3bgc,9,2,36,46,5,67
3usx,8,3,8,44,58,22
1i1e,9,2,27,20,54,47
4io5,5,10,31,27,68,31
4np9,0,7,35,4,62,78
1mfa,4,1,4,48,16,26
3tz0,5,3,8,40,47,35
4jym,5,13,14,14,4,29
4lk7,4,4,19,31,54,81
1dgm,4,18,22,54,61,49
1fkw,4,4,22,54,38,81
1qxk,9,14,15,6,54,63
3aau,1,6,29,57,30,59
3s76,5,13,14,14,4,29
4euo,5,3,8,40,47,35
2v77,8,3,7,10,24,58
3f68,9,19,20,35,13,34
4h7q,5,3,8,40,47,35
2c3l,1,6,3,39,31,94
2xm1,4,4,19,18,12,80
2yfa,5,10,31,27,68,62
3juo,1,19,20,12,66,46
1enu,5,16,21,52,56,87
1gfy,1,8,9,51,32,48
2qtg,4,18,22,54,61,49
3qyy,0,9,6,34,42,54
3tb6,5,13,23,38,78,41
1m48,3,19,15,35,13,34
1nw7,4,18,22,54,61,49
2ygf,9,12,12,26,65,0
1ez9,2,1,4,55,41,6
1kmy,8,16,21,52,31,52
1od8,4,4,19,18,12,68
1onz,1,6,3,31,71,94
1v0k,4,4,19,48,16,3
1w7g,9,14,32,6,79,63
2h5a,4,7,17,51,34,7
2qrq,4,4,19,18,38,81
2r9w,1,6,3,24,46,72
3p4v,1,8,7,10,66,71
3syr,4,4,19,18,38,68
3ujb,4,18,22,54,61,49
4dcs,0,9,34,9,17,37
1k4h,1,19,29,5,30,1
1yp9,3,17,27,32,28,95
3k4d,5,13,26,53,40,50
3ozj,8,0,1,47,74,96
4e49,5,13,14,14,4,29
1qaw,8,16,7,12,66,71
1uv6,8,3,8,0,18,84
2web,9,2,15,26,79,11
4f1l,1,8,7,51,66,58
4h81,8,16,7,51,10,73
1gcz,1,6,3,31,71,9
3s9e,5,10,18,36,49,35
1y3x,3,17,27,32,28,0
2br1,3,17,24,28,2,72
2yaz,0,18,17,45,73,5
3tao,5,7,30,30,50,70
4ejl,8,16,7,12,10,73
1jcx,4,7,17,45,34,7
1jvu,4,18,17,45,73,5
1o0m,4,18,17,45,73,5
1pb8,5,10,31,27,68,62
1qk3,0,18,34,45,20,28
1s38,1,16,21,52,56,87
1thz,1,14,13,49,11,13
2afx,8,16,21,39,31,52
3ozr,4,4,19,18,38,81
4h85,5,3,8,40,47,35
4jpx,8,16,7,23,10,73
3b27,1,8,29,5,32,88
2f5t,4,4,19,48,16,26
2zfp,8,19,20,35,13,34
3b7j,5,13,38,13,64,56
1ft7,5,3,8,40,47,35
2qrg,4,4,19,18,38,81
3w37,2,1,4,55,41,6
4duh,1,6,9,24,46,18
4iif,5,13,23,38,44,30
1ocq,4,4,19,48,16,26
1ogg,2,1,4,55,41,6
1oxr,1,16,21,52,56,87
1rnt,0,18,34,45,20,28
2qdt,8,3,7,10,60,17
4ezz,2,11,10,17,9,2
3uu1,5,13,38,13,29,56
4a6s,1,4,3,31,54,81
4ezr,2,11,37,19,33,91
1nw5,4,18,22,54,61,49
1o2r,3,6,29,57,30,59
4few,3,6,29,15,0,57
1bq4,5,8,38,4,62,12
1gjd,1,8,16,7,39,21
1j17,3,17,13,46,52,53
1o5c,3,6,29,57,30,59
1ucn,0,9,34,9,17,37
2gz2,0,18,34,45,20,28
2hxm,1,6,3,5,66,99
2rfy,4,4,19,48,16,26
2wzm,0,9,34,9,42,37
3dne,1,6,3,39,31,39
3iof,8,19,21,33,74,88
3lq2,0,18,34,9,69,86
3ms9,1,16,38,13,29,43
3n1c,4,7,17,18,34,7
3ppp,5,10,31,0,68,84
3q71,0,9,34,9,42,37
3qxt,3,14,22,6,6,99
4lrr,1,6,3,24,46,94
1b4z,8,12,5,1,3,19
1ndw,8,19,7,12,66,27
2q38,5,13,14,40,45,40
3lc3,1,6,29,28,2,72
1fh7,4,4,19,48,16,3
1q8w,1,19,20,33,37,46
1s89,5,10,30,22,57,36
2jfz,3,17,27,32,28,53
3pb8,8,19,7,12,24,58
4gue,4,4,19,31,54,9
4idn,0,9,6,9,17,20
4ih7,8,19,7,15,74,96
2bfr,0,9,34,9,17,37
3r24,4,18,22,54,61,49
1w4q,4,18,17,45,73,15
3n9s,4,7,17,45,34,7
2x7u,3,0,1,47,22,32
3tkw,9,2,15,21,55,83
4jfs,8,19,7,12,19,27
1b46,8,12,5,1,3,19
1f5l,1,16,29,5,30,88
3bbf,0,9,34,9,17,37
3o5x,3,17,27,58,28,4
4e70,8,16,7,12,19,71
4j46,8,12,5,1,3,19
1c88,1,8,7,51,32,48
2wc4,8,4,19,18,19,3
1a69,4,4,22,54,38,81
1h6h,4,12,19,48,16,15
1o0f,0,18,34,45,20,28
1srg,1,6,3,39,31,94
2q7q,8,16,26,53,40,52
2vk6,4,4,19,18,12,68
3gpo,0,9,34,9,42,37
3p9l,2,11,11,59,9,75
3pgl,3,19,24,28,37,27
3upv,2,11,10,17,9,2
1hk4,1,8,16,7,39,25
1mfd,4,1,4,48,16,26
1lvu,4,18,22,54,20,28
1y20,5,10,31,27,68,31
4ipi,5,10,31,27,68,62
2c80,8,12,5,1,3,19
3arx,8,19,20,43,74,46
3ozs,4,14,32,42,26,97
3q1x,5,10,31,27,68,62
1hee,4,4,7,12,66,71
1zgi,3,17,39,3,37,92
3efs,0,9,6,9,17,20
3hkq,5,13,23,38,44,30
3k4q,0,7,35,4,62,78
3nee,8,19,24,28,2,27
1ql9,3,17,13,46,52,53
2fxv,0,18,34,45,20,28
2gkl,5,13,18,36,49,12
3hkn,2,12,10,17,65,24
1adl,8,3,8,44,58,22
3bv9,2,12,10,17,33,24
3ldq,3,17,22,54,61,49
3mf5,3,17,24,58,21,42
1sgu,9,2,12,16,59,23
3qt6,0,7,17,56,34,5
4el5,4,4,19,18,38,68
1g3e,1,16,7,5,66,71
2qhd,8,3,8,44,58,22
3e85,8,19,20,39,31,94
3tif,0,9,34,9,17,37
4f7v,9,2,22,6,42,99
1qbv,8,19,20,35,13,34
2h6b,1,16,7,51,10,73
3hkt,4,4,19,48,16,26
3m1k,5,13,14,14,4,29
4ej8,1,16,26,41,40,69
1bp0,0,18,17,45,73,5
1m7i,2,1,4,55,41,6
1mmr,9,2,15,35,13,95
1pz5,2,11,37,19,33,91
1r9l,5,10,31,0,68,84
1trd,5,7,30,30,50,70
2c1p,1,6,3,39,31,94
2f35,1,19,7,33,66,71
2i80,1,19,32,42,26,97
2qg2,6,15,2,37,7,8
3arr,8,19,20,43,74,88
3b4p,8,19,20,12,24,46
3l6h,5,10,31,0,68,84
2j47,4,4,22,18,38,81
1gja,1,6,29,57,30,59
2vpo,5,13,38,40,45,40
4fev,3,19,29,15,0,57
3ng4,5,10,31,27,68,62
4f5y,0,9,6,34,42,54
1h0a,0,7,35,4,62,78
1syi,8,16,7,10,74,71
2q6f,9,2,12,26,65,23
2wr8,4,18,22,54,61,49
3lp7,8,3,8,23,60,17
3u10,0,18,22,54,20,28
4dju,1,19,24,28,31,52
2iko,1,6,29,5,30,88
3mi3,8,3,8,23,60,17
1b4h,8,12,5,1,3,19
1q65,1,19,29,43,74,46
1g7f,9,12,15,6,79,63
1gi1,1,6,29,57,30,59
1o2s,1,6,29,57,30,59
1xh5,9,2,12,26,76,47
2hf8,0,9,6,9,17,20
2r0z,2,11,10,17,48,24
2xde,3,17,15,35,76,34
2y7p,5,13,14,40,45,40
4n7m,8,19,20,12,31,46
1g85,8,3,8,23,58,17
2cbv,5,13,23,38,78,41
2zkj,0,9,34,9,17,37
3bxe,5,7,26,30,50,70
3iw6,3,17,24,28,21,95
3zdv,4,4,19,33,52,38
4jfm,3,14,13,46,52,38
4kp8,1,8,9,49,11,13
1pot,8,3,8,23,58,17
1pyn,9,2,15,6,79,63
1tys,0,18,17,45,73,5
2h4k,1,8,16,7,32,48
2o0u,3,17,27,32,28,42
2uy5,1,6,3,5,66,1
3bvb,9,2,15,21,55,83
3ga5,4,4,19,48,16,3
3hmp,1,19,20,39,27,46
3i73,0,9,34,9,17,37
3tza,1,16,7,10,66,71
2wqp,4,4,19,18,12,68
3da9,3,19,20,35,13,34
3kgt,1,6,3,31,71,9
4k55,0,7,17,56,8,5
1a8i,4,4,19,18,12,68
1kc7,5,10,30,22,57,36
1oe8,4,4,5,10,12,80
1ydr,3,19,20,33,37,38
2cht,5,16,26,53,40,50
2ydt,4,4,19,18,16,3
3hzm,4,4,23,18,12,3
3iog,1,8,16,41,32,48
4de3,1,8,3,24,46,21
4en4,8,16,21,52,56,87
1bjv,1,6,29,57,30,59
2olb,8,12,5,1,3,19
2y7i,8,3,8,23,60,17
3bxf,4,7,17,45,34,7
3jyr,2,1,4,55,41,6
3ubd,9,14,15,31,54,47
3v78,3,6,24,28,21,72
1g3d,1,16,7,5,66,71
1njc,0,18,17,45,73,5
1y3n,4,4,19,48,16,26
2iuz,3,17,24,43,74,88
3uzj,5,13,14,14,4,29
2jdn,5,13,23,38,44,30
1jak,4,4,19,18,12,80
1njd,0,18,17,45,73,5
2nmx,1,19,7,33,24,58
3bex,8,3,7,10,12,17
3coz,4,18,22,54,61,28
3uxl,5,16,26,41,40,69
3vtr,2,1,4,55,41,6
3jup,1,19,20,12,66,46
1f4x,4,4,19,18,12,68
1fo0,2,11,11,19,9,91
1mfi,1,16,7,41,66,71
3gxy,2,1,4,55,41,6
3sha,3,19,20,35,13,34
4bqh,1,8,9,24,46,21
1vfn,5,13,14,14,4,29
2yhw,4,4,19,18,12,80
2yhy,4,4,19,18,12,80
3bl1,1,6,13,49,11,13
3e6y,9,2,12,16,75,33
3qps,9,0,1,47,22,32
3u5j,3,6,24,28,2,72
1ejn,8,19,20,15,13,95
2bmk,4,18,17,45,69,15
3e3c,8,7,5,10,12,80
3ip9,5,3,8,40,47,35
3ldp,3,17,22,54,61,49
3lpl,0,7,17,56,8,70
3nes,8,19,24,28,2,27
4ddy,1,14,32,42,26,97
4dli,3,6,29,3,27,46
4dzy,8,16,7,51,10,73
4iid,5,13,23,38,44,30
4j48,8,12,5,1,3,19
3gy3,8,19,29,57,30,59
3l1n,8,3,8,44,58,22
3rf5,6,15,2,37,7,74
1f57,5,10,31,27,68,62
1y3v,3,17,27,20,28,95
1z9g,8,19,7,12,24,58
2ojg,3,6,24,28,2,72
2reg,5,10,31,0,47,84
3arv,3,17,24,28,23,72
3fwv,2,12,10,17,65,24
3s8l,9,12,15,6,79,63
4deu,1,6,3,31,71,9
3q7q,0,9,6,9,17,20
1n5r,3,17,27,58,21,42
1nhu,3,14,32,42,72,82
2aod,2,11,10,17,48,2
2erz,1,19,13,33,52,38
3ery,2,11,37,19,15,91
3td4,8,3,8,23,60,17
3zi8,5,13,23,38,78,41
2h15,4,18,13,33,24,15
2pqz,9,2,36,46,5,67
2qwf,4,19,5,18,12,68
1gnn,2,12,10,17,48,2
2c92,4,18,22,45,38,15
2cbu,5,13,23,38,44,30
2q8z,4,18,17,45,73,5
2uyq,4,18,22,54,61,49
3b5j,0,9,6,34,42,37
3oil,3,0,1,47,22,32
4det,1,6,3,31,71,9
4l4z,4,7,17,10,34,7
1a99,5,3,8,23,47,41
1egh,5,10,30,22,57,36
1g98,4,7,17,10,34,7
1g9r,0,9,34,9,73,37
1jsv,1,8,29,49,11,13
1pgp,4,7,17,45,34,7
2a14,4,18,22,54,61,49
2avm,2,11,10,17,48,2
2f2h,4,4,19,48,16,26
2h3e,4,7,17,10,34,80
2i4z,3,17,20,35,21,95
2ya6,4,4,19,18,12,68
3acx,8,19,20,28,21,27
3c4h,8,16,38,13,29,1
3d4y,5,13,23,38,44,30
3fhb,5,13,14,40,45,40
3kku,1,6,3,24,46,18
4bs0,5,13,14,14,4,40
4f39,8,16,26,53,40,69
4j28,4,19,20,12,38,81
1n7m,9,2,12,20,75,33
2uz9,5,13,14,40,45,40
2qg0,1,14,13,49,11,13
2v25,5,10,31,27,68,62
3jvr,1,6,3,24,46,1
3shc,3,19,20,35,13,34
4br3,3,17,39,32,28,53
4dkp,1,6,3,24,66,18
3bqc,1,6,3,31,71,9
3m3z,4,18,22,54,61,49
4j44,8,12,5,1,3,19
1o33,1,6,29,57,30,59
1o5e,1,6,29,57,30,59
1qy2,5,13,38,13,29,43
1zdp,8,19,7,12,66,58
2pgz,8,19,20,35,21,27
2pqc,0,7,17,45,73,5
3gy2,1,6,29,57,30,59
3ivx,3,14,13,24,52,38
3pb7,8,19,20,28,2,27
4lps,0,9,34,9,17,37
2ya8,8,19,5,12,3,76
1p1o,5,16,26,10,60,70
2qta,0,18,34,9,69,86
4a95,3,19,24,28,21,72
1jmf,0,18,17,45,73,5
1ur9,4,12,19,6,79,63
2boj,5,13,23,38,44,30
2xp7,1,8,3,39,10,48
3k00,2,1,4,55,41,6
3rm4,3,19,20,3,27,92
4fxq,3,19,20,35,21,95
4j45,4,12,5,1,3,19
4l4v,4,4,19,18,38,68
1hmt,8,3,8,44,58,22
1kpm,8,0,1,47,22,0
1ppm,9,12,15,26,79,63
2q88,5,13,14,40,45,40
4ezx,2,11,10,17,48,2
4g8v,4,4,22,54,38,81
1lkl,9,12,15,6,79,63
1hdq,4,4,7,12,66,71
1kav,1,14,32,42,26,97
1ols,0,18,34,9,69,86
1urg,4,4,19,48,16,26
2nn1,1,8,7,33,24,58
3b7i,5,3,8,40,47,35
3gss,9,12,15,6,79,63
3iue,1,14,13,33,52,38
3qqa,9,0,1,47,22,32
3qqs,1,6,3,39,31,94
4dld,1,16,7,10,66,71
4e9u,1,6,3,39,31,27
4do5,5,13,23,38,44,30
4km2,1,19,29,28,2,88
1k4g,1,8,29,5,30,1
1o2w,1,8,9,24,6,21
1ogz,3,0,1,47,22,32
1q54,0,7,17,56,8,5
1qbn,3,6,39,24,6,4
1u1w,5,13,14,40,45,40
2e5y,0,9,6,9,17,20
2pu1,5,13,30,40,45,40
2r3t,9,2,36,46,5,67
2vmf,5,13,23,38,44,30
2z94,5,16,38,13,64,56
3e5u,1,16,7,51,10,73
4b6r,4,4,19,18,54,81
4jv8,3,6,39,11,37,39
4azc,8,4,23,18,19,3
4jne,0,9,6,9,17,20
3tcg,8,12,5,1,3,19
1b3l,8,12,5,1,3,19
1e1x,6,15,2,37,7,74
1ydk,8,12,5,1,3,19
2brm,3,6,24,3,27,42
2eg7,5,13,18,36,49,12
2tmn,5,7,26,10,60,70
3eeb,0,7,35,4,62,78
3h1x,1,6,3,24,46,72
3qgw,3,6,13,24,46,4
3uev,8,3,8,44,58,22
4arb,8,19,20,35,13,76
4de0,1,6,3,24,46,94
1v2n,3,6,29,57,30,59
2weq,9,2,12,26,65,0
3old,2,1,4,25,51,45
1ugx,4,4,19,48,16,26
1a4h,9,2,12,26,65,0
1a4w,9,2,15,46,52,44
1jao,8,19,5,12,13,80
1kyv,4,4,22,6,54,15
1ndv,1,6,29,57,30,59
1o0h,0,9,34,9,17,37
1pph,9,14,13,35,52,38
1qf2,3,19,20,35,13,34
1qka,8,12,5,1,3,19
1yds,1,19,20,33,24,46
1yet,9,2,12,26,65,0
2ans,1,6,3,39,31,94
2pmk,0,9,6,34,42,37
2xn3,1,6,3,39,31,94
3kgu,1,6,3,31,71,9
3neo,3,6,3,28,21,27
3r4m,1,8,29,5,32,88
3zv7,8,16,21,52,56,87
4kyh,1,14,32,42,26,97
4lkk,4,4,19,48,16,26
1fv0,1,6,3,31,46,72
1kv1,1,19,20,15,0,57
3lmk,5,10,18,36,49,35
4mr3,1,6,29,28,2,1
2weh,5,13,38,13,29,56
1b9j,8,12,5,1,3,19
1d6w,9,14,13,46,52,53
1nl9,9,14,15,58,76,47
1o36,3,14,13,24,6,4
2j79,5,13,23,38,44,30
2xht,8,19,20,15,74,27
1uwt,5,13,23,38,44,30
4fm8,3,17,13,15,52,95
4nkt,0,9,6,9,17,20
1uwu,5,13,23,38,44,30
3e12,4,7,17,18,34,7
4az5,8,4,23,18,19,3
1a1e,9,12,15,6,79,63
1ado,5,7,26,30,50,70
1c5s,1,16,21,52,56,87
1ceb,8,3,8,23,10,73
1d2e,0,9,34,9,17,37
1f0t,3,14,13,24,52,38
1jq8,9,12,10,1,65,19
1ssq,5,10,31,27,68,62
1xk5,0,9,6,34,42,85
2bvd,4,4,19,48,16,26
2gh9,4,1,4,55,41,6
2izl,8,19,7,12,24,58
2r43,9,2,36,46,5,67
2rcn,0,9,34,9,17,37
2vqt,4,4,19,18,19,3
2wf5,4,7,17,18,34,7
3ary,1,6,3,39,31,46
3bze,7,11,11,19,15,91
3ddg,4,4,19,18,38,81
3nex,3,6,3,28,21,27
3ucj,1,8,9,51,63,79
3uil,8,3,8,44,58,22
4bb9,4,7,17,18,34,7
1b5h,8,12,5,1,3,19
1eb2,9,17,15,35,76,34
4b6s,4,4,19,18,26,97
1tcw,9,2,15,26,59,23
3su6,9,2,12,16,59,60
3zq9,4,4,19,48,16,26
5er1,9,12,5,1,65,23
1n8v,8,3,8,44,58,22
1okl,1,8,7,33,74,61
1sh9,9,2,12,26,59,23
1t7d,9,2,15,26,79,24
2ce9,2,2,37,26,33,24
4f9u,1,19,24,28,2,88
4f9v,8,19,24,28,2,88
1xbo,1,6,3,24,54,18
4km0,1,6,29,5,30,88
1eoc,5,13,26,53,40,50
3bgb,9,2,15,21,55,83
3gus,1,19,20,12,66,46
3iss,0,9,34,34,42,37
3ouj,5,10,18,36,49,12
3pcf,5,16,26,53,40,50
4ara,8,19,20,35,13,76
4kqp,5,3,26,23,60,98
1g7q,2,11,10,17,33,2
1jmi,0,18,17,45,73,5
1kjr,4,1,19,55,41,6
1qb6,1,6,29,57,30,59
2fxs,1,8,9,5,6,1
2nnd,8,3,21,52,18,96
3sfg,4,4,19,18,38,68
4io3,5,10,31,27,68,62
4l50,4,7,17,10,34,7
1jmg,0,18,17,45,73,5
2gst,9,14,15,6,79,34
2w5g,0,9,6,9,17,20
3b25,1,8,9,33,11,1
3c89,4,12,5,1,3,19
3fvl,8,19,7,12,66,71
1nhz,3,0,1,47,22,32
2w7y,4,1,4,55,41,6
2wc3,8,4,19,18,19,3
2wej,5,13,38,13,64,56
3iw5,3,14,32,42,72,82
4kp5,1,8,9,49,11,13
1o2n,1,6,29,57,30,59
1ogx,3,0,1,47,22,32
1w9u,2,2,10,17,33,24
3p8z,3,17,22,54,61,49
1azm,1,8,9,51,63,79
1dzk,8,3,21,52,18,96
1lgt,1,16,21,52,31,87
1m2q,1,6,3,31,71,9
2e7f,3,14,22,6,6,99
2ewb,1,19,7,12,66,27
2flr,3,6,39,57,30,39
2p7a,5,13,14,14,4,29
2wed,9,2,15,26,76,11
2yay,0,9,6,9,17,20
3c8b,4,12,5,1,3,19
3cke,8,7,17,56,69,86
3v2n,8,3,8,44,58,22
4gah,2,2,12,34,42,85
4kzq,1,6,3,39,71,9
1g32,3,17,27,57,28,59
1m2p,1,6,3,31,71,9
1o2z,3,14,13,24,6,4
2qnq,9,2,36,46,5,67
2qx0,4,4,22,5,12,80
4kao,3,17,39,15,0,57
1nc1,4,18,22,54,61,49
1x8r,0,7,17,45,73,5
2fgv,9,2,12,16,59,23
2p2a,1,19,22,24,66,18
2wvt,5,13,23,38,44,30
3qfy,5,13,23,38,78,41
4ayp,4,4,19,48,16,26
4hp0,2,1,4,55,41,6
4k4j,8,19,1,12,21,27
2c97,1,7,17,45,73,5
2fqt,4,4,19,18,12,80
2zym,2,1,4,25,51,45
1u0g,4,7,17,10,34,7
1zs0,1,14,13,33,52,38
2r75,0,9,6,9,17,20
3arw,3,17,24,28,2,72
1ppc,9,14,15,6,79,11
2i4j,3,17,20,35,21,95
3m89,0,9,6,9,17,20
1a9q,5,13,14,14,4,29
1d6v,3,19,20,35,13,34
1k1o,8,12,5,1,13,76
1ndy,1,6,29,28,66,27
3bkl,9,2,15,26,79,11
3hk1,1,8,9,5,32,48
4aq4,5,7,26,30,50,70
4b9k,3,17,13,24,52,38
4fht,5,13,26,53,40,50
1xhy,8,3,26,53,40,69
3c8a,4,12,5,1,3,19
1iy7,1,8,7,12,24,58
1tq4,0,9,34,9,17,37
1v2k,3,17,13,46,52,53
2bt9,5,13,23,38,44,30
2qbu,4,18,22,54,61,49
3u5l,3,6,24,28,2,72
1owe,1,6,29,57,30,59
1sqt,3,19,13,33,2,38
2aj8,3,17,24,43,27,92
2qrp,6,15,2,37,7,8
3p9t,1,8,3,39,32,21
4ad2,4,4,19,48,16,26
4k6i,3,0,1,15,0,0
1b3h,8,12,5,1,3,19
3n0h,1,19,29,28,2,88
3s8n,9,12,15,6,79,63
3sug,9,2,12,16,59,33
1l8g,1,14,9,24,6,13
2xda,1,19,20,12,66,81
3acl,3,6,13,33,52,38
3ip5,5,10,31,27,68,31
3lpp,4,4,19,48,16,26
3p2e,4,18,22,54,61,49
3pb3,4,18,22,54,61,49
3pd9,5,16,26,53,40,50
4bqg,1,6,3,31,71,9
4m0e,3,6,24,28,2,72
4mdn,9,2,27,20,0,57
4mjo,1,8,9,49,11,13
1m7d,4,4,19,48,16,26
3okv,3,0,1,47,22,32
3s3v,1,19,29,28,2,88
1gnm,2,12,10,17,48,2
2o4z,5,10,31,27,25,31
2zdn,8,19,20,35,13,34
3rf4,1,8,9,49,11,13
4bcp,3,17,24,3,2,92
1wcq,4,4,19,18,12,68
3bgz,3,6,3,39,46,94
3su4,9,2,12,16,59,60
1pbq,1,8,9,51,32,48
2j94,3,14,13,33,52,38
1afl,0,9,34,9,17,37
1atl,8,19,20,12,13,76
2aog,2,11,10,17,48,2
4djw,3,6,24,28,2,72
2xyt,9,2,27,58,23,65
3f48,5,10,31,27,68,31
3h8b,2,11,37,16,33,91
3v2q,8,3,8,44,58,22
4d8z,1,18,29,5,30,88
1d4p,3,17,20,35,37,59
1lag,5,16,26,10,60,98
1wdn,5,3,26,23,60,98
1wm1,8,19,20,43,74,96
2oi2,0,7,17,56,8,5
2q89,5,13,38,40,45,40
2vrj,8,4,19,18,19,3
3ebl,3,0,1,47,22,32
3t70,3,17,20,35,21,95
4e1k,3,6,3,24,46,94
4eor,3,14,13,3,27,92
4etz,0,9,6,34,42,54
1nja,0,18,17,45,73,5
2bal,3,17,24,3,27,92
2pvu,8,3,8,23,60,17
3q44,9,19,20,35,13,34
3u93,5,10,18,36,49,35
3uew,8,3,8,44,58,22
4der,1,6,3,31,71,9
1w3j,5,13,23,38,78,41
2wnc,3,19,20,3,27,46
2zb1,3,6,24,28,2,72
3ebh,8,19,5,12,13,76
3w9k,8,3,8,44,58,22
6upj,8,19,20,35,21,27
1ex8,0,9,6,34,42,85
1bdq,9,2,15,26,59,23
1i00,3,14,13,24,6,99
1w9v,2,12,10,17,79,24
1xq0,1,8,9,49,11,13
3cj5,3,19,20,35,13,95
3zk6,3,17,13,46,52,44
1cbx,8,16,7,12,10,73
1gjc,1,6,29,57,30,59
2j7f,4,4,7,51,10,73
2p09,0,9,6,9,17,20
3ckp,9,2,15,26,76,47
3ctt,5,13,23,38,44,30
3ed0,1,6,3,31,71,9
3fvh,2,12,10,17,48,24
3rt8,4,16,7,10,74,71
1c5q,1,8,16,52,32,66
1ela,9,12,5,6,13,34
1o2o,3,6,29,57,30,59
3oku,3,0,1,47,22,32
3t6b,9,2,12,26,59,23
3v2p,8,3,8,44,58,22
1gx8,8,0,1,47,18,96
1hbv,9,12,12,26,65,23
1hms,8,3,8,44,58,22
2qpq,5,10,18,36,43,12
2w9h,1,19,29,28,2,88
2zdk,8,19,20,35,13,34
3qlm,8,3,8,44,58,22
2hkf,2,11,10,17,33,91
2wcg,5,13,23,38,44,30
2ybu,3,17,24,43,74,88
1g7v,4,7,17,45,34,7
1i7z,8,19,20,35,21,27
1igb,1,8,16,7,39,21
1usk,5,3,8,40,47,35
1yvm,1,6,3,39,31,94
2g9q,5,13,23,38,78,41
2y8c,9,2,15,58,76,47
2zdl,8,19,20,35,13,34
3arq,9,2,27,20,54,47
3k1j,0,9,34,9,17,37
3kmc,8,12,5,1,3,19
3s72,1,16,21,52,56,87
3tf6,5,13,14,40,45,40
3zll,1,19,7,12,66,71
4eu0,0,9,6,34,42,54
4mss,8,4,19,18,19,3
1i80,5,13,14,14,4,29
1syh,8,16,7,10,74,71
2cgf,1,19,3,31,54,18
2qnp,9,2,36,46,5,67
2xxx,5,10,18,36,49,35
2zdm,8,19,20,35,13,34
3k5x,8,3,7,10,10,73
3r17,1,8,9,49,11,13
1o5a,1,6,29,57,30,59
3d2e,0,9,6,9,17,20
1fh9,4,4,19,48,16,26
2b07,3,14,13,46,52,44
2fqo,4,4,19,18,12,80
3v3l,0,18,34,45,20,28
4ge1,8,16,21,52,56,52
2jh5,3,14,13,33,52,38
2pvm,3,6,24,3,27,92
3pfp,4,7,17,56,34,7
4da5,3,19,24,3,21,46
4ea1,8,0,1,47,18,96
4ea2,6,15,2,37,7,74
4jfk,3,17,13,46,52,38
3qw5,9,12,10,1,48,19
1m2r,1,6,29,31,71,9
1ro6,8,19,20,12,21,46
2xd9,1,16,7,5,66,1
2xdx,1,8,29,5,32,88
3o8p,1,19,20,15,0,57
3pd8,5,13,14,40,45,40
4n07,1,16,7,51,10,73
1j01,4,4,19,18,12,68
3cm2,9,12,15,35,76,34
3s78,6,15,2,37,7,74
3tfp,1,8,3,24,46,21
1f4g,9,14,13,6,52,99
1gpn,8,0,1,47,22,32
1rpj,5,13,23,38,44,30
2wnj,3,19,24,28,37,27
3g3r,5,7,28,30,8,89
3gsm,4,4,19,18,12,80
4e67,2,11,37,17,33,24
1dl7,8,7,17,56,8,5
3bft,5,16,26,10,60,98
3mho,1,8,9,49,11,13
3nw3,4,12,5,1,3,19
3s0b,1,6,3,39,31,94
4hw3,1,6,24,28,2,72
2g72,1,19,20,33,52,38
3bwj,2,11,10,17,48,24
4kzu,1,6,3,39,31,94
4mme,1,6,24,28,2,72
2jdh,4,4,19,48,16,26
2usn,1,6,3,24,46,18
2xjj,3,6,20,15,0,57
3cj4,6,15,25,8,7,90
3hf8,3,14,32,42,72,82
4fut,0,9,6,9,17,20
1alw,8,16,7,51,10,73
1ct8,4,14,32,42,26,97
1g74,8,3,8,44,58,22
1k9s,4,4,22,54,61,49
1qy1,8,3,21,52,18,96
1zhy,8,0,1,47,22,32
2h4g,1,8,16,7,32,48
2nn7,1,19,7,33,24,58
2nt7,3,14,13,46,52,44
2oxy,6,15,2,37,7,8
2pfy,5,10,31,27,68,62
2zft,8,19,20,35,13,34
3bva,2,11,10,17,48,2
3dx3,5,13,31,14,78,41
3hzv,4,4,19,48,16,26
3o9p,4,12,5,1,3,19
4dko,8,0,1,15,0,0
4dkr,1,14,29,6,6,18
2p7g,8,0,1,39,18,52
3ama,1,8,9,49,11,13
1drv,0,9,34,34,42,37
1o3l,1,8,9,24,30,21
2h21,4,18,22,54,61,49
2jdk,4,4,19,48,16,26
2zfs,8,19,20,35,13,34
3d0b,3,17,24,28,2,72
3fuz,5,10,18,36,49,35
3sr4,4,18,22,54,61,49
4a4v,8,19,20,12,21,27
4aqh,3,19,20,15,0,57
4ht2,1,8,9,49,11,13
1dhj,3,14,22,6,6,99
1hmr,8,3,8,44,58,22
1hp5,4,16,21,18,19,3
1n4h,8,0,1,47,18,96
1yc4,1,6,29,5,2,1
1yda,1,8,9,51,63,79
2bok,3,17,27,15,0,95
2i3v,5,10,18,36,49,35
2xxr,5,10,18,36,49,35
3s0e,8,16,7,12,19,52
4iue,1,6,3,39,31,94
2zq2,8,19,20,35,13,34
4db7,1,18,29,5,30,71
1sld,2,11,37,17,33,24
2fqy,4,18,22,54,61,49
2hzl,5,10,31,27,68,31
2pwc,9,2,36,46,5,67
3ove,9,12,15,6,79,63
3qox,4,18,22,54,61,49
3sax,1,8,9,49,11,13
3tfn,3,19,20,35,21,95
4fs4,3,6,24,28,2,72
5er2,2,11,37,19,33,91
1k1i,9,14,15,46,52,11
2p7z,3,17,24,28,21,42
3pb9,8,16,21,39,31,52
1b58,8,12,5,1,3,19
1c2t,1,14,13,6,6,99
1c3e,1,14,13,6,6,99
1fiv,2,2,12,16,33,91
1izi,9,2,12,26,59,23
2e91,0,7,26,30,8,70
2pvh,3,6,29,3,27,94
2pwr,9,2,36,46,5,67
3gs6,4,4,19,18,38,81
3t8v,9,12,15,26,13,34
1b38,0,9,6,9,17,20
1g7g,9,12,15,6,79,63
1jzs,9,12,5,35,13,76
2euk,2,12,10,17,65,77
2f7p,8,19,20,12,19,81
2j4g,4,4,19,18,19,3
2jdp,5,13,23,38,44,30
2wly,4,4,19,48,16,26
3dln,5,10,18,36,49,35
3ip6,5,10,31,27,68,62
3lxe,4,18,13,33,24,15
3v3q,8,19,20,35,21,76
4dkq,1,14,29,6,6,18
4h75,2,11,11,59,53,75
4mr6,3,17,24,28,2,88
1afk,0,9,6,9,17,37
1ii5,5,10,18,36,49,35
2ews,0,9,6,9,17,20
2j7b,5,13,23,38,44,30
2jgs,8,19,7,12,24,58
2vwc,9,2,12,26,65,0
3ljo,8,19,20,35,13,34
3ozp,4,4,19,18,38,80
4btk,1,6,3,28,2,88
4er1,9,2,12,16,59,23
4gfo,1,8,3,5,32,1
2x7t,3,14,13,46,52,38
3f8f,9,2,27,20,54,47
4k77,8,19,20,12,27,46
1lcp,5,3,8,40,47,35
2b1g,4,18,22,54,38,28
2d3z,1,8,9,49,11,13
2za0,1,6,3,31,71,9
3b26,1,6,29,28,2,88
3fee,5,16,26,10,60,70
2j75,5,13,23,38,44,30
3mzc,8,19,20,12,24,58
1a4r,0,9,34,9,17,37
1cps,8,19,7,12,24,58
1elc,9,12,15,6,79,63
1o3p,3,6,29,57,30,59
1pxp,1,6,24,28,2,88
1wur,0,9,6,9,17,20
2xj7,4,4,19,18,12,80
2yz3,8,19,7,12,24,58
3pwd,1,6,3,31,71,9
4jv6,3,6,24,39,31,94
3g19,8,12,5,1,3,19
1c5x,1,8,16,52,32,66
1mai,0,7,35,4,62,78
2fqw,4,18,22,54,38,81
2qbs,3,8,24,24,46,18
3ie3,1,19,20,12,66,46
3o75,4,7,17,18,34,7
3su1,9,2,12,16,59,23
3zhx,1,8,3,49,11,13
4ca8,9,2,36,26,5,11
4ew2,3,14,13,6,13,99
2jew,8,19,7,12,24,76
2xn5,1,8,9,49,11,13
1b0h,9,12,5,35,13,34
1b3g,8,12,5,1,3,19
1dfo,4,14,22,6,6,99
1eld,4,14,32,42,26,97
1f3e,5,16,21,52,56,87
1koj,4,7,17,10,34,7
1nki,5,10,31,27,68,93
1xr8,7,11,11,59,53,75
2a5s,5,10,18,36,49,35
2eum,2,1,4,55,41,77
2evl,2,12,10,17,65,77
2oxx,1,8,16,7,39,66
2py4,0,9,6,9,17,20
3eko,1,16,3,31,71,9
3hzk,4,4,19,48,16,26
3mhi,1,8,9,49,11,13
3pck,5,13,14,14,49,29
3pgu,8,3,8,44,58,22
3t60,3,17,27,58,76,47
3t64,3,19,20,35,37,18
4ewn,4,4,17,18,12,15
4f09,3,19,24,43,27,46
4io2,5,10,18,36,49,35
4jyc,0,9,34,9,17,37
2f94,8,7,17,56,8,76
1rbp,8,0,1,47,18,96
2vpn,5,13,14,40,45,40
2xc0,9,14,13,46,6,99
3aqt,5,13,14,14,4,29
3gst,9,14,15,6,79,34
3l4v,4,4,19,48,16,26
3l4z,4,4,19,18,12,68
4flp,3,17,24,15,0,57
4i74,4,19,22,54,38,81
1wvj,8,16,7,10,66,71
1add,4,4,22,54,38,49
1usi,8,16,7,23,10,73
2x91,8,19,20,35,13,34
2zc9,3,19,20,35,13,34
2zgx,8,19,20,35,13,34
3dgo,0,9,6,9,17,20
3fzy,0,7,35,4,62,78
3m67,1,8,9,49,11,13
3oim,3,0,1,47,22,32
4ca6,9,2,36,26,5,11
4ew3,3,14,13,6,13,99
4f9y,3,17,24,11,37,39
4lxz,8,19,7,12,24,76
3ikd,1,6,13,24,46,38
2on6,4,4,22,54,38,81
1o30,3,14,13,24,6,4
1o3j,1,6,29,57,30,59
1om1,1,6,3,24,46,94
1ony,9,14,15,6,79,63
1qb1,3,14,27,32,6,4
3fas,5,10,18,36,49,35
3fvn,4,4,19,18,12,68
3m40,1,8,9,49,11,13
4loi,0,9,34,34,42,54
3gcu,3,17,27,15,0,57
2rcb,5,10,31,27,68,62
3su0,9,2,12,16,59,23
1fl3,1,19,3,39,31,94
1nq7,8,0,1,15,18,96
1p1n,8,16,26,53,40,69
3c88,4,12,5,1,3,19
3fx6,8,19,7,12,66,58
3s2v,1,8,9,24,46,18
2uwp,3,14,13,33,52,38
1drk,5,13,23,38,78,41
1fhd,4,4,19,18,38,81
1jeu,8,12,5,1,3,19
1k1n,9,2,15,46,79,63
1lrh,1,16,7,51,10,73
1o38,3,6,29,57,30,59
1uwf,4,4,19,18,19,3
2b1i,0,18,34,45,20,28
2c94,4,18,22,45,38,15
2oxd,1,8,16,7,39,66
2pym,9,2,12,26,59,23
2rfh,8,16,7,12,10,73
2v8w,0,9,6,9,17,20
2xyd,9,2,36,26,5,11
2zq0,2,1,4,55,41,6
3dx2,5,13,23,38,78,41
3m3x,1,8,9,33,11,13
3s75,5,13,14,14,4,29
3s9t,1,8,9,49,11,13
1bhx,9,14,13,6,79,63
2y5g,3,17,27,15,0,57
3ewj,8,12,5,1,3,19
4kn1,1,14,29,6,6,99
1ele,4,14,32,42,26,97
1g30,3,17,27,32,28,53
1lkk,9,12,10,6,79,63
1os5,9,2,12,15,0,0
1q72,8,19,20,35,21,27
1qyg,8,19,20,12,24,27
1xk9,3,19,24,28,21,46
1xt8,5,10,31,27,68,62
3n76,4,4,7,18,66,81
3pn4,8,12,5,1,3,76
4k3h,3,19,24,28,21,27
3aid,9,2,15,15,0,0
3pyy,1,6,3,24,46,18
1cgl,9,2,15,26,76,23
3qin,1,8,16,7,32,48
3tmk,0,9,6,34,42,85
1xka,3,6,29,57,30,59
3u3u,8,3,8,44,58,22
4bco,3,17,27,32,28,53
1b3f,8,12,5,1,3,19
1fh8,4,4,19,18,19,3
1jev,9,12,5,1,13,34
1sb1,9,2,15,26,76,95
1uz1,5,13,23,38,44,50
2bfq,0,9,34,9,42,37
2dri,5,13,23,38,78,41
2e92,0,7,17,45,69,15
2f34,1,19,22,33,74,71
2r3w,9,2,36,46,5,67
2vk2,5,13,23,38,44,30
3hu3,0,9,6,9,17,20
3jya,1,8,21,52,32,66
3l4x,4,4,19,48,16,26
3r4n,1,14,32,5,26,88
4g4p,5,3,26,23,60,98
1k1l,9,14,13,46,52,38
3cow,0,18,22,54,20,28
3uyr,2,11,37,19,33,91
3evd,0,9,6,9,17,20
4bcm,3,14,13,46,2,38
1a9m,2,12,10,17,48,2
1k6v,9,2,12,16,59,23
1o2j,3,6,29,57,30,59
1pkx,0,18,34,45,20,28
1swr,8,19,7,12,24,58
2uy0,9,2,12,16,59,60
3bl0,1,8,9,51,63,79
3lir,9,12,15,6,79,63
3r1v,8,19,3,39,31,27
2weo,5,13,38,13,45,40
4f9w,3,17,24,28,21,72
1tcx,9,2,15,26,59,23
4k9y,3,17,27,15,0,57
1atr,0,9,34,9,17,37
1c5c,1,8,9,49,11,48
1gj8,6,15,2,37,7,8
1gvw,9,2,12,26,65,23
1oyq,3,17,27,32,28,53
1x8j,8,0,1,47,22,32
3exe,0,18,34,9,69,86
3pn1,4,18,22,54,61,49
4i54,1,14,29,24,6,18
4jyb,0,9,6,9,17,20
4loh,0,9,6,34,42,54
3t84,4,4,19,18,12,68
1my4,1,8,16,7,32,66
3hv8,0,9,6,34,42,54
3t83,4,12,5,6,3,15
4att,4,4,19,18,38,81
3slz,2,11,36,16,5,60
4fai,8,19,24,28,2,88
4fbe,1,19,24,28,2,88
1ch8,0,9,6,9,17,37
1fki,8,19,20,35,13,95
1fpc,9,2,15,6,52,95
1gj6,1,6,29,57,30,59
1oth,8,7,7,10,24,58
1zoh,1,8,16,7,39,25
2gyi,5,13,23,38,44,30
2j7g,4,4,19,18,12,68
2wzf,0,9,34,9,73,5
3bbb,0,18,22,34,42,54
3drf,2,11,10,17,48,2
3drg,2,11,37,19,33,91
3kdm,8,0,1,47,22,32
3l4y,4,4,19,48,16,26
3mhm,1,14,13,49,11,13
3t82,4,18,17,18,12,68
3zyu,3,17,39,11,37,39
4b6o,4,4,19,18,54,81
4fcq,1,6,24,28,2,72
3nht,8,19,20,35,21,27
1ypj,3,17,27,32,28,0
2vwl,3,14,39,11,6,18
3cdb,9,2,15,46,76,44
3igp,1,19,13,33,2,88
3n4b,1,8,9,49,11,13
3pbb,3,19,24,28,2,88
1b1h,8,12,5,1,3,34
2vwm,3,14,39,11,6,18
4av4,4,4,19,18,38,81
3mtw,4,3,7,10,12,58
1b5i,8,12,5,1,3,19
1xug,1,6,29,57,30,59
2bq7,3,17,27,35,21,42
2jxr,9,2,12,26,65,63
2wer,1,6,3,31,54,18
3ahn,9,12,15,26,79,63
3aho,9,12,15,26,79,63
3i4y,5,13,14,40,45,40
3s0d,8,3,8,23,18,17
4e3h,5,13,38,40,64,56
4h3j,3,17,39,11,28,4
1ui0,5,10,14,14,4,29
3po6,1,19,13,33,2,88
1ydd,1,8,9,51,63,79
2ate,0,18,17,45,20,28
2f9k,0,7,26,30,8,70
3cl0,8,19,5,12,3,76
3ryv,1,8,9,33,24,58
3u7k,9,12,5,15,13,0
1xpz,1,6,9,49,11,13
2hnx,8,3,8,44,58,22
3rlp,1,8,29,5,32,88
4emf,0,9,34,9,17,37
1lpg,9,17,27,58,28,53
1yq7,1,7,17,56,8,73
2bz6,3,14,15,6,54,18
3f7h,9,2,12,26,59,23
4c1u,6,15,2,37,7,74
4ghi,1,16,25,50,35,51
1b32,8,12,5,1,3,19
2f7i,1,6,3,39,31,94
2il2,9,2,27,46,76,44
2v57,1,6,29,57,30,59
2wjg,0,9,34,9,17,37
3ebi,8,19,20,35,13,34
3hky,6,15,2,37,7,8
3udd,3,6,24,28,2,72
3zdg,8,3,8,23,18,17
4azg,4,4,19,18,38,80
4bny,3,17,24,3,27,46
3u15,1,14,39,24,6,18
1b05,8,12,5,1,3,19
1b52,8,12,5,1,3,19
1nz7,9,2,15,26,79,63
2pov,1,16,26,41,40,61
2x2r,8,19,24,28,21,72
3dx4,5,13,23,38,78,41
3hww,5,10,18,36,49,12
4daf,1,18,9,5,66,1
4e0x,8,16,26,53,40,69
5upj,8,19,20,35,21,27
1o3d,1,6,29,57,30,59
2j7d,4,4,19,18,38,81
3zc5,3,17,39,11,37,39
4arw,1,19,13,33,52,38
4b6p,4,4,19,18,26,97
4kx8,4,12,5,1,3,19
2pv1,2,11,37,19,33,91
3ffp,1,8,9,49,11,13
3n7o,1,8,9,24,46,18
4ks4,4,19,5,35,13,76
1elb,9,12,5,1,13,63
1fch,2,12,10,17,48,24
1pxn,1,6,29,5,2,88
1xr9,2,11,37,19,33,91
1zog,1,8,16,7,39,21
2fqx,4,18,22,54,38,49
2qnn,9,2,36,46,5,67
3arp,3,17,24,58,21,95
3fql,3,14,13,46,52,38
3n9r,4,7,17,10,34,7
4c1t,4,1,4,55,41,6
4ko8,0,9,6,9,17,20
1f0u,3,17,15,28,76,34
3f3d,5,3,8,23,60,98
4iva,3,19,24,43,27,46
1g36,3,17,27,57,28,59
1o2h,3,6,29,57,30,59
2doo,3,19,13,33,52,38
2i6b,3,17,24,32,37,53
3el4,9,2,12,16,59,23
3tsk,9,14,15,6,79,11
4i9h,9,2,36,46,76,11
2q63,9,2,12,26,59,23
2xj2,3,19,20,35,37,27
1fcx,3,0,1,15,0,0
1gi4,1,6,29,57,30,59
1hsl,5,16,26,10,60,98
1q7a,3,19,20,35,21,46
1z9y,1,8,9,49,11,13
2j7h,5,13,23,38,78,41
3f19,4,8,7,33,66,58
3gdt,4,18,17,45,73,5
3nsn,2,1,4,55,41,6
4app,9,2,27,32,28,53
2pow,1,8,9,49,26,61
2pqb,0,7,17,45,73,5
2xii,3,17,39,35,54,18
3c79,1,8,7,5,66,71
3k2f,1,14,13,33,52,61
3mz6,8,19,20,12,24,76
4g8n,5,13,18,40,49,35
2yek,3,17,24,28,2,72
3f1a,1,8,7,33,66,58
3s77,5,13,14,14,4,29
3v7t,3,17,24,28,2,72
4av5,4,4,19,35,54,81
4b73,3,19,20,35,27,18
1gvx,2,11,37,19,33,91
1lan,5,3,8,40,47,35
1sw2,5,10,31,0,68,84
2epn,4,16,21,18,19,3
2er6,2,11,37,19,33,91
2h6t,2,12,10,17,65,2
2hnc,5,13,38,13,29,43
3cyz,8,3,8,44,58,17
3dzt,8,3,8,44,58,22
3k99,1,6,3,39,31,27
3m35,3,14,32,42,72,82
3m96,1,8,9,49,11,21
3pcj,5,16,26,53,40,50
3uz5,1,16,14,40,45,40
4gfm,1,8,3,5,32,1
3f8e,8,19,20,12,74,76
4avh,4,4,19,18,19,3
4djx,3,6,24,28,2,72
4lxd,9,2,27,46,76,44
1g2l,3,17,27,32,28,53
2psv,9,12,15,21,13,63
3ikg,1,14,13,24,46,38
3n3g,3,19,32,42,72,82
3o84,3,6,39,11,37,39
3p3t,8,19,20,12,66,27
4azb,4,4,19,18,38,80
4fm7,9,17,13,46,52,0
4ha5,1,6,29,5,2,1
1jet,8,12,5,1,3,19
2ces,5,13,23,38,44,30
2qbw,2,11,37,19,33,91
3mhl,1,8,9,49,11,13
3p3r,1,8,3,31,71,9
1dhi,3,14,22,6,6,99
1mrx,9,2,12,15,59,0
2qzr,1,6,29,57,30,59
2xib,5,13,23,38,78,41
3cz1,8,19,7,12,24,58
3gc5,1,19,29,5,74,1
4ly1,1,6,29,57,30,59
1b40,8,12,5,1,3,34
1hii,9,12,12,26,65,23
2ceq,5,13,23,38,44,30
2cgr,3,6,3,39,31,94
2pql,8,16,21,52,56,52
2qhz,9,14,32,42,72,82
2qoa,8,16,21,52,56,87
2yel,3,17,24,24,46,4
3a6t,0,18,34,45,73,5
3fl5,1,6,3,31,71,9
3o7u,5,13,14,14,4,29
3sbh,1,8,9,49,11,13
3u7l,9,12,5,15,0,0
4alx,8,0,1,47,22,32
4m2w,1,8,9,33,32,61
3ccz,9,2,15,6,76,47
4do4,4,4,19,18,12,80
4iwz,1,8,9,49,63,13
1o3i,1,6,29,57,30,59
1sw1,5,10,31,0,68,84
1tmn,9,12,15,35,13,34
1zge,1,16,26,41,56,66
2i3i,9,2,15,15,0,95
2qi1,9,2,15,21,55,83
2uxi,1,6,3,31,71,9
3c52,5,7,30,30,50,70
3n0n,1,8,9,49,26,13
3p5o,3,17,24,28,2,72
3r16,1,8,9,49,11,13
3s8x,1,8,9,49,11,13
4b1j,0,9,34,9,42,37
4sga,9,12,15,35,13,34
1o1s,3,14,13,15,69,86
3uod,1,14,32,42,26,97
1qf1,8,19,5,35,13,34
1ydt,1,6,39,11,37,38
2j7e,4,4,19,18,38,81
3ipu,3,14,32,42,72,82
2j2u,3,14,13,33,52,38
2r2m,1,14,32,6,79,99
4ayq,5,13,23,38,44,30
1uw6,8,16,21,52,56,52
2gv6,9,2,15,46,79,11
2vvs,4,4,19,18,38,80
2ydw,3,17,24,24,46,4
3f7i,9,2,15,15,0,95
1qkb,8,12,5,1,3,19
1ttm,1,6,13,33,11,38
3rtf,4,16,7,10,74,71
3s6t,4,4,19,18,38,80
3zdh,8,3,8,12,24,96
1k6p,9,2,12,16,59,23
1swg,8,19,7,12,24,58
4ca7,9,2,36,26,5,11
4gu6,3,17,39,11,37,39
1b51,8,12,5,1,3,19
1cnx,8,19,20,33,24,58
1fao,0,7,35,4,62,78
3dp4,5,16,26,10,60,98
3f7g,9,12,15,35,13,34
3m5e,1,8,9,49,11,13
1bxq,9,12,10,26,65,63
1qf0,9,12,15,26,79,11
2qi0,9,2,15,46,55,83
4hfp,9,2,15,6,52,63
1d3p,3,17,27,58,28,42
2hzy,8,7,7,51,10,58
3mna,1,8,9,49,11,13
3p5l,1,19,3,28,31,27
1b55,0,7,35,4,62,78
1drj,5,13,23,38,78,41
1k1m,9,14,13,46,52,38
1oar,1,8,9,31,71,9
1owh,1,6,29,57,30,59
1r6n,3,14,27,46,46,4
1zoe,1,8,16,7,39,25
2bpy,9,2,12,16,59,23
2i3h,6,15,2,37,7,8
2zy1,1,19,20,12,24,58
3f18,4,8,7,33,66,15
3re4,4,18,22,54,61,49
3rlq,1,6,24,5,32,72
3up2,1,14,32,42,26,97
3vha,3,6,24,28,2,72
3zi0,1,14,13,24,6,38
4kn0,3,14,13,6,6,99
1ik4,5,7,30,30,50,70
2q2a,8,3,8,23,60,17
3s5y,5,13,23,38,44,30
3zns,3,14,32,42,72,82
4j21,1,6,29,57,30,59
1q5k,1,8,9,5,66,1
1t32,9,2,36,58,5,44
2pou,1,8,26,41,56,61
3ryy,1,19,7,33,24,58
3zm9,3,17,27,32,28,53
1b5j,8,12,5,1,3,19
2bak,3,17,27,32,28,53
2isw,5,7,30,30,50,70
3mmf,1,8,9,49,11,13
1ciz,3,14,13,46,52,38
1qb9,3,17,27,58,28,42
1vzq,3,17,27,20,28,4
2f7o,5,13,23,38,78,41
2oxn,4,4,19,18,38,80
2qbq,3,14,13,15,0,57
2r38,9,2,36,46,5,67
3znr,3,14,32,42,72,82
4avj,4,4,19,18,38,81
4m2v,1,19,13,33,52,61
1n0s,1,6,3,31,71,9
2ccb,4,4,22,6,54,15
3u7m,8,12,5,1,13,76
4azi,4,4,19,18,38,80
1sqo,1,6,29,57,30,59
1yei,1,8,7,33,66,58
1yej,8,19,20,33,24,58
2g71,1,14,32,42,26,97
2p53,4,7,17,45,34,7
3fed,8,3,7,10,12,58
3ocz,0,18,22,54,20,28
3t2w,8,19,7,12,24,58
4dff,3,6,24,28,2,72
1xh4,3,17,39,58,76,47
3oe4,4,18,22,54,6,99
3own,9,2,12,26,59,23
5tmp,0,9,6,34,42,85
1iiq,9,2,12,26,59,23
1k6c,9,2,12,16,59,23
1u71,1,6,29,28,2,88
2qhy,9,14,15,46,55,83
2qwe,4,4,19,18,12,68
3l3l,8,19,20,43,27,46
3o6m,7,5,37,2,15,55
3u92,8,16,26,53,40,69
4e0w,8,16,26,53,40,69
2hhn,9,14,32,42,72,82
3m6r,8,12,5,1,3,76
3nyx,1,8,9,49,46,21
4emr,0,9,6,9,17,20
4l6t,2,1,4,25,51,45
2vwo,3,14,39,11,6,18
3n2v,1,14,13,33,52,38
4hdp,9,2,15,21,55,83
1bm7,1,8,32,42,26,97
1ivp,9,2,12,16,59,23
1lah,5,3,8,23,60,98
1lf2,9,2,15,26,76,11
1lke,9,0,1,47,22,32
1mmq,9,12,15,35,13,34
1uml,3,17,39,32,28,4
1zfq,1,8,9,51,63,79
2mas,4,4,19,18,19,81
3ekr,1,19,3,28,2,27
3hfb,3,17,39,11,37,34
3hmo,3,17,27,20,23,65
3myq,1,8,9,49,11,13
3rlr,1,6,24,5,2,72
4dq2,0,18,22,54,61,28
2e7l,7,11,37,19,15,91
2f1g,3,19,20,35,13,34
4hu1,1,8,9,51,63,79
1k1j,9,14,13,46,52,38
1lpk,3,6,29,57,30,59
1tlp,9,12,15,6,79,63
1v0l,4,4,19,18,19,3
2oi0,6,15,2,37,7,8
2xj1,8,19,20,35,37,27
3b50,4,4,19,18,12,68
3ni5,1,8,9,49,11,13
3rz0,1,19,7,33,24,58
4asj,1,14,13,33,52,38
3cct,9,2,15,58,76,47
3suf,9,2,12,16,59,33
1d09,4,7,17,10,34,70
1qhc,0,9,6,34,42,85
2avs,9,2,12,16,59,23
2pyn,9,2,12,26,59,23
3cd0,9,14,15,6,76,47
3ipq,3,14,32,58,72,82
3ocp,0,18,22,54,20,28
3q6w,3,17,39,11,37,39
4fnn,8,3,8,44,58,22
3cda,9,2,15,46,76,44
2fdp,9,2,15,26,76,47
3p3s,1,8,16,7,39,21
3sap,1,19,9,33,11,13
3t5u,5,16,21,52,56,87
1lpz,3,17,39,24,46,4
2c3i,3,6,24,3,27,92
2o8h,3,17,27,32,28,53
2zmm,3,14,24,24,6,18
3ehx,1,19,13,33,52,38
3fh7,3,19,20,35,21,27
3gc4,3,17,29,28,2,1
3iph,3,19,39,11,37,39
3kr4,8,19,5,12,13,76
3liw,9,2,15,26,13,34
3p58,8,16,21,39,31,52
1ftm,5,16,26,10,60,98
3ibn,8,3,8,44,58,22
1fzq,0,9,34,9,17,37
1k6t,9,2,12,16,59,23
1yqy,4,4,13,33,66,38
2aoe,2,11,10,17,48,2
2p3c,2,11,36,16,5,60
2psu,9,2,15,21,55,83
2pvl,3,17,24,3,27,92
3be9,3,17,24,3,27,92
3o4k,2,1,10,17,65,77
4dbm,3,17,27,32,28,53
1c1r,1,6,29,57,30,59
4avi,4,4,19,18,19,3
1c1v,1,6,29,57,30,59
1uvt,3,19,13,11,37,38
2hl4,4,4,19,18,38,81
3d78,8,19,7,12,24,58
3fat,5,16,26,10,60,98
3h89,2,11,37,16,33,91
3hl7,3,17,24,3,46,92
3l0v,1,18,22,5,66,1
3sjf,1,12,13,6,79,21
966c,1,14,13,33,52,38
1f0r,3,14,39,11,37,38
1nny,9,2,36,58,76,47
1ppk,9,12,5,1,65,19
2cn0,3,17,27,58,28,95
2yme,3,19,20,35,27,92
4b74,3,19,20,35,13,34
4e5w,3,17,27,43,37,95
4gq4,3,14,32,15,72,82
2bpv,9,2,12,16,59,23
1o2q,3,6,29,57,30,59
1t4v,3,19,20,35,13,46
1w0z,4,12,5,6,79,63
1ze8,1,0,1,33,18,96
2arm,8,19,20,12,21,27
2yln,5,10,31,27,68,62
3f8c,3,17,27,32,28,42
3miy,3,17,20,35,37,18
4del,5,7,30,30,50,70
2itk,2,12,10,17,79,24
1bai,2,11,10,17,48,2
1fzm,2,11,11,19,53,91
1gno,2,12,10,17,48,2
1izh,9,2,12,26,59,23
1mes,9,2,36,58,5,67
1oau,4,4,7,10,66,71
1oz0,9,2,36,34,42,24
1s39,6,15,2,37,7,74
1uou,1,18,7,51,10,73
2hmu,0,9,6,9,17,20
2hmv,0,9,34,9,17,37
2ves,3,14,13,24,52,38
3b7r,9,12,15,6,13,34
3ewc,4,4,22,54,61,49
3g0e,1,6,29,5,30,1
3i51,5,13,14,40,45,40
3p7i,5,10,31,27,68,62
3th9,9,2,15,21,55,83
4acc,3,14,13,11,37,38
4e7r,9,14,15,46,76,11
4fsl,3,17,13,15,2,57
4tmk,0,9,6,34,42,85
3lk8,1,8,7,33,66,15
1ajv,9,2,36,46,5,67
1cnw,4,19,5,33,24,58
1j4r,9,2,12,58,76,47
1oif,6,15,2,37,7,74
3el5,9,2,12,26,59,23
3vjc,9,2,12,16,75,33
4a4w,3,19,20,35,21,27
4egk,1,6,3,31,54,18
3ljg,9,12,15,6,79,63
1f0s,3,14,39,11,37,39
1j36,8,19,20,35,13,34
1lee,9,2,15,26,76,11
1nfu,3,14,13,46,52,38
1qbo,3,17,27,32,28,53
1rd4,3,17,27,32,37,53
1sbg,9,2,15,26,59,23
1txr,8,19,5,12,13,76
1usn,4,8,9,42,26,97
2v59,1,6,29,28,2,88
3b7u,4,4,5,12,66,80
3nb5,1,8,9,49,11,13
3tvc,3,6,15,35,13,34
4auj,4,4,19,18,38,81
4i71,4,4,22,54,38,49
4j22,3,17,39,11,37,42
2ccc,1,6,29,5,2,1
2zpk,2,11,10,17,33,24
4hwp,3,14,13,33,52,38
1xh9,3,17,39,58,76,47
2jh6,3,14,13,33,52,38
2qm9,3,17,13,15,0,0
3cyw,9,2,15,21,55,83
3dsz,9,2,12,26,65,24
3gm0,8,19,7,12,24,27
3mi2,4,18,17,45,20,28
3tzm,3,6,39,11,46,39
3uw4,9,17,15,35,13,95
4gzt,8,3,5,1,3,76
4kni,1,8,9,49,11,13
4knn,1,8,9,49,11,13
1v48,4,18,22,42,26,97
1x8t,0,7,17,45,73,5
2i19,0,7,17,56,8,5
2ra0,3,17,27,20,28,4
2wl0,9,2,12,16,59,60
3agl,2,11,37,17,33,91
3czv,1,8,9,51,63,79
3qgy,3,6,13,24,46,13
3ryj,1,8,9,51,26,97
4j3l,3,6,39,28,2,18
4n6z,8,19,20,43,37,46
4gr3,9,14,15,6,79,11
1b6h,8,12,5,1,3,19
1nf8,4,16,7,10,66,71
1njs,4,14,32,42,26,97
1nvs,3,17,27,20,23,65
2cf9,3,17,27,58,28,95
2j34,3,14,13,33,52,38
2jg0,4,4,19,48,16,26
2o4n,9,14,32,46,72,82
2ptz,5,10,30,40,45,40
2xbx,9,14,13,46,6,38
2xjg,3,19,24,28,2,72
3gcp,3,6,39,11,37,39
3n2p,1,8,9,49,11,13
3prs,9,2,12,26,59,23
3vx3,0,9,34,9,17,37
4k0y,3,17,20,3,27,92
4gr8,9,14,15,6,79,11
3cd7,9,2,27,58,76,47
3ibl,8,3,8,44,58,22
3n2u,4,4,19,6,38,15
3ttn,8,3,8,23,58,17
4gzp,8,19,5,12,3,76
1a94,2,11,10,17,48,2
1b8y,3,19,13,33,52,38
1cny,6,15,2,37,7,8
1laf,8,3,8,23,60,17
1lbf,4,18,17,18,38,15
1lst,8,3,8,23,60,17
2fle,2,2,12,16,59,60
2gv7,9,2,12,16,59,23
3c84,1,19,7,43,66,71
3dd8,1,19,13,33,52,38
3sut,4,4,19,18,38,80
3uw5,9,17,15,35,13,95
4ieh,9,2,36,46,5,44
3ccw,9,17,15,6,76,47
1fzo,2,11,37,19,33,91
1gj7,1,6,29,57,30,59
1h2t,0,9,6,34,42,85
2ylc,4,18,17,45,73,5
2zn7,3,17,24,58,46,4
3c56,0,7,17,45,34,7
3hig,1,6,29,57,30,59
3rz5,8,19,7,12,24,58
4b5d,8,19,20,12,19,27
4igt,8,3,7,10,12,17
3cd5,9,17,15,58,76,47
1ajx,9,2,36,58,5,67
1b6j,2,2,10,17,65,24
1zfk,1,8,9,49,11,13
2jjb,4,4,19,48,16,26
2ovv,3,17,24,28,2,72
3d7z,3,6,39,11,37,39
3eft,9,0,13,15,0,57
3sbi,1,8,9,49,11,13
4a6c,9,2,12,16,59,60
4bcn,1,6,29,5,2,1
4hbm,3,17,24,35,54,18
4hge,3,6,39,11,37,39
3daz,1,8,9,51,63,79
2ewa,3,6,3,24,46,94
3dcs,1,8,9,51,63,79
3t85,4,18,17,18,12,68
3u7n,8,12,5,1,13,76
4b7j,8,3,5,1,3,76
4bxk,9,12,5,6,79,63
4knj,1,8,9,49,11,13
1epo,9,2,12,26,65,63
1g2k,9,2,36,46,5,11
1hvh,9,2,36,58,5,67
1qxl,3,17,39,32,28,53
2e1w,3,19,29,28,2,27
2p3a,2,11,36,16,5,60
2qe4,3,6,24,28,21,72
3a5y,4,18,22,54,61,49
3bgq,3,14,32,42,72,82
3ekw,9,2,12,16,59,60
3iww,1,14,13,6,79,21
3mhc,1,19,20,15,27,57
3r4p,3,14,32,3,6,4
3uuo,3,17,24,43,2,46
4ap7,1,6,3,24,46,94
4k3n,1,19,7,33,66,71
3oyq,8,19,20,12,24,58
1a4k,3,14,13,6,6,18
1apw,9,12,5,1,65,19
1b57,5,7,30,30,50,70
1dqn,4,18,22,45,20,28
1fkg,9,19,20,35,21,95
1gaf,1,8,7,33,24,58
1gai,2,1,4,55,41,6
1qin,4,8,16,6,6,21
1r0p,3,17,27,20,23,65
1rmz,8,19,7,33,74,96
1tkb,0,18,34,9,69,86
1vyg,8,3,8,44,58,22
1xws,3,17,27,20,28,42
1ypg,3,17,27,20,28,95
2e94,3,14,13,24,69,57
2hah,9,12,15,26,13,63
2vnt,1,14,13,49,11,38
2vwn,3,14,39,11,6,18
2xbw,9,14,13,46,6,99
2z8e,4,4,19,18,12,80
3b92,1,19,7,33,24,58
3e92,3,6,24,28,2,72
3fur,1,8,9,49,11,21
3gkz,8,3,21,12,19,52
3gvu,3,17,39,32,28,53
3hs4,1,8,9,51,63,79
3hx3,8,0,1,47,18,96
3k97,1,6,3,28,2,18
3oy0,8,19,20,15,24,58
3sio,9,2,12,16,75,33
3t0x,3,0,13,28,37,72
3zcl,3,17,39,11,37,39
4a6l,3,17,24,35,21,72
4ehz,3,19,24,43,27,46
4ht0,1,8,9,49,11,13
4knm,1,8,9,49,11,13
4mo8,1,8,9,33,24,58
1v7a,3,19,29,28,2,27
2cc7,1,6,29,5,66,1
3vje,9,2,12,16,75,33
1b7h,8,12,5,1,3,19
4elf,3,14,32,42,72,82
4m2u,1,8,9,33,32,61
5tmn,9,12,5,1,79,63
1hih,9,12,12,26,65,23
1vyf,8,3,8,44,58,22
2b9a,1,6,3,39,31,48
2bqv,9,2,12,26,59,23
2jkh,3,17,27,15,0,57
2xc4,3,14,32,42,72,82
2xxt,8,3,26,53,40,69
2y80,3,17,13,46,52,38
3ml2,1,6,13,49,11,13
3u8l,8,19,20,35,21,27
4b8y,2,11,10,17,48,2
4hdb,9,2,15,21,55,83
3dbu,1,8,9,49,11,13
3vbd,1,6,13,33,2,38
1siv,9,12,10,1,65,19
3ifl,2,11,10,17,33,24
2rkg,9,2,15,26,59,23
2yfx,3,17,39,3,37,92
3hub,3,17,27,32,28,53
3tu7,9,12,15,6,79,63
4elh,3,17,27,32,28,53
1erb,8,0,1,47,18,96
1fzj,2,11,11,19,53,91
1ghy,1,6,29,57,30,59
1l6m,5,13,14,40,45,40
1stc,3,17,27,20,23,65
1ype,3,17,27,20,28,95
2cf8,3,17,27,58,28,95
2e9u,1,19,20,3,27,18
2pvj,3,17,20,3,27,92
2vvu,3,14,39,11,6,18
3f15,4,4,22,33,38,15
3kr8,1,14,32,42,26,97
3nx7,4,4,7,33,66,15
1ndz,3,17,27,32,28,53
1nvr,3,17,27,20,23,65
3fv2,4,4,19,18,12,68
1o5r,3,17,39,32,28,4
2yi0,1,6,3,24,46,94
2yk1,8,16,21,52,56,52
1g35,9,2,36,46,5,11
1yqj,3,17,39,58,37,42
3b4f,1,6,29,49,30,13
3ljz,3,17,15,24,76,4
3odu,8,19,20,43,21,95
3ryx,4,8,32,42,26,97
4isi,3,17,27,35,13,95
1fkh,9,19,20,35,13,95
1w5v,9,2,36,26,5,67
2d1n,8,12,5,1,13,34
2fxu,9,2,12,16,65,23
2jf4,4,4,19,48,16,26
2q1q,1,8,9,33,11,13
3bu1,5,13,38,13,64,56
3d8w,1,8,9,49,11,13
3i4b,3,6,39,24,46,4
3nxq,9,12,5,6,79,63
4eo8,3,19,20,15,0,57
4loo,3,17,24,3,27,92
4ly9,9,14,32,42,72,82
3g08,2,12,10,17,65,77
4elg,3,17,27,32,28,53
3rz8,8,19,20,12,24,58
2f80,9,2,15,21,55,83
2r59,9,12,15,26,79,34
3hit,2,9,6,34,42,85
3roc,3,14,13,24,6,18
2jds,3,17,39,11,37,39
4gg7,3,14,32,42,72,82
1efy,1,6,29,57,30,59
1h1d,3,14,32,42,26,97
1h1s,3,14,13,3,27,92
1w11,9,12,15,6,79,63
2vvv,1,14,39,24,6,18
2zcs,1,8,13,33,11,38
3d1y,9,2,12,16,59,23
3l3m,3,6,29,3,27,92
3le9,3,14,13,24,46,18
3v5t,3,17,27,32,28,42
3zbx,3,6,39,11,46,39
4h3g,3,17,39,11,28,4
4hym,3,17,39,3,27,92
4lko,3,17,24,28,2,72
3e5a,3,17,27,32,28,92
3f16,4,4,7,33,66,15
1jd0,1,8,9,51,63,79
1ydb,1,8,9,51,63,79
3hll,3,14,13,24,6,18
1c1u,1,6,29,57,30,59
1g4o,1,6,9,49,11,13
2pbw,8,19,7,12,24,76
3ug2,3,17,24,3,27,92
2e2r,8,0,1,39,18,52
1wuq,0,9,6,9,17,20
3hek,3,14,24,35,54,18
4djy,3,17,24,28,2,72
3tt4,1,19,29,35,66,34
1a28,8,0,1,47,22,32
4bj8,8,19,7,12,24,58
1b6l,9,12,12,26,65,23
1qbq,8,3,8,12,18,96
1tom,8,19,20,35,13,34
2cen,9,2,12,16,59,60
2pvk,3,6,39,3,46,94
2rd6,6,15,2,37,7,8
2v95,3,0,1,47,22,32
3d20,9,2,15,21,55,83
3fqe,3,19,29,3,27,92
3gjw,3,19,20,43,27,46
3gn7,1,19,29,43,27,46
3hku,4,18,13,33,24,15
3hvi,3,17,22,32,6,4
3jy0,3,6,39,3,27,18
3zps,9,2,12,16,59,60
4afg,8,19,21,52,21,52
2hs2,9,2,15,21,55,83
3dc3,1,8,9,51,63,79
2gj5,8,0,1,47,22,32
2yi7,1,6,3,24,46,72
4gih,1,6,3,5,37,18
4jwk,4,4,19,18,38,68
1hwr,9,19,20,35,21,95
1bzy,4,18,22,45,20,28
2qci,9,2,15,21,55,83
2xye,9,2,12,16,59,60
3npc,3,17,27,32,0,57
2uwd,3,6,3,24,54,18
3nu5,9,2,15,21,55,83
1d4j,9,2,36,26,76,11
3d83,3,17,39,32,37,53
3kek,3,17,13,3,27,92
3r7o,3,17,27,32,28,53
4e6q,3,17,24,43,37,46
2nmz,9,2,12,16,59,23
2nnp,9,2,12,16,59,23
3t1a,3,17,39,11,46,4
4bao,9,19,20,35,13,34
1k21,8,12,5,1,3,19
1mu6,4,14,32,6,6,99
3qkd,9,2,36,46,5,44
3zpu,9,2,12,16,59,60
4a6b,9,2,12,16,59,60
1lzq,9,2,12,26,59,23
1aaq,9,12,10,1,65,19
1b6m,9,2,12,26,59,23
1fd0,3,0,1,15,0,0
1fq5,9,2,36,16,59,60
1fzk,2,11,37,19,33,91
1k22,9,19,20,35,13,34
1mtr,9,2,12,26,59,23
1w5x,9,2,36,26,5,67
1z1h,9,2,15,26,55,83
1zpa,9,2,12,21,55,83
2al5,4,16,7,10,12,71
2baj,3,6,24,15,0,57
2j95,3,14,13,33,52,38
2ovy,3,17,24,28,2,72
2uwl,3,14,13,33,52,38
2vsl,9,12,5,1,13,34
2y82,3,14,13,46,52,38
2zda,3,19,20,35,13,34
3d0e,3,17,22,43,27,92
3el9,9,2,12,16,59,60
3qxv,3,14,22,6,6,99
3str,9,2,27,32,28,53
3sww,3,17,24,28,2,72
3zxz,3,17,39,11,37,39
4aoi,3,6,39,11,46,39
4bck,1,8,9,49,11,13
1e4h,1,8,16,7,39,66
1g48,1,8,9,49,11,13
1i9p,1,8,9,49,11,13
1i9q,1,8,9,49,11,13
1w96,9,2,12,26,76,0
1bwb,9,2,36,16,5,67
1i9o,1,8,9,49,11,13
4ksy,0,9,6,34,42,54
2za5,3,17,24,28,21,72
3nhi,8,3,8,44,58,22
3u7s,9,2,15,21,55,83
2vc9,4,4,19,18,12,80
2xyf,9,2,12,16,59,60
3kdd,9,2,15,26,76,11
2oag,3,14,13,24,52,38
2qo8,8,19,20,33,24,58
3zln,3,6,39,24,46,4
1i9l,6,15,2,37,7,8
1i9m,1,8,9,49,11,13
1w5y,9,2,36,26,5,67
2hs1,9,2,15,21,55,83
2p3b,2,11,36,16,5,60
2r5p,9,2,12,16,59,23
2uxz,9,2,12,16,59,60
2yix,3,17,24,3,2,92
3b1m,3,17,27,20,23,4
3n3j,1,6,29,49,11,13
1ec0,9,2,36,26,5,67
2g5u,1,8,16,7,39,21
2ieo,9,2,15,21,55,83
2ihq,1,6,3,24,46,18
3s45,9,2,15,21,55,83
4hdf,9,2,15,21,55,83
4m2r,1,19,13,33,52,61
7upj,3,17,13,58,76,47
2vh0,3,14,13,46,52,38
3i25,9,2,36,16,5,11
3u8j,8,3,21,12,19,52
1fcy,3,0,1,15,0,0
1i5r,9,2,12,16,75,33
1nfx,3,14,13,46,52,38
1rp7,0,18,34,9,69,86
1xkk,3,17,27,46,28,4
2boh,3,17,27,32,28,42
2oc2,9,2,15,26,76,11
2q64,9,2,12,26,59,23
2qu6,3,17,39,32,28,92
2vvc,3,14,39,11,6,18
2wn9,3,6,24,11,37,27
3hvh,3,14,22,32,6,4
3hvk,3,14,22,11,6,4
3lpi,9,2,15,21,55,47
3ml5,1,8,9,51,63,79
3suu,4,4,19,18,38,80
3ttm,5,3,8,23,47,41
4mlu,2,11,37,19,33,91
3kjd,1,19,29,43,27,46
4hwo,1,14,13,49,52,38
1hos,9,2,36,16,5,60
1ppl,9,12,12,26,65,23
2byr,9,2,12,16,75,33
3ejp,8,19,20,12,38,81
3v51,3,17,24,28,2,4
1bgq,1,6,3,31,54,18
1q1g,4,4,22,54,38,81
2x4z,3,17,27,32,28,53
3ejq,8,19,20,35,13,81
3v7x,1,19,13,33,11,38
4kmz,1,14,13,6,6,99
3r5t,9,2,15,26,76,47
2wky,8,16,7,10,66,71
3ibi,6,15,2,37,7,74
1bwa,9,2,36,16,5,67
3b66,1,14,32,42,26,97
3s43,9,2,15,21,55,83
3sxf,3,17,24,28,2,88
3t3u,3,17,24,3,27,42
4efs,1,6,39,24,46,18
4gj2,1,6,3,49,11,18
4ban,9,19,20,35,13,34
2cej,9,2,12,16,59,60
3ryz,4,18,32,42,26,97
4fcf,4,4,19,48,16,26
4hf4,3,17,39,32,37,53
4jx9,4,4,19,18,38,68
1g45,1,8,9,49,11,13
1mue,1,14,32,42,6,99
1r1j,6,15,2,37,7,8
1t31,9,2,36,58,5,44
2qry,1,18,9,33,69,86
3hkw,9,2,27,46,0,44
3s71,1,16,21,52,56,87
6std,1,8,9,49,32,21
2oax,3,0,1,47,22,32
1i9n,1,8,9,49,11,13
3d1x,9,2,12,16,59,23
3u8k,8,19,20,12,19,27
2qd6,9,2,15,21,55,83
2q55,9,2,15,26,76,23
1bcd,5,10,31,27,68,93
1g4j,1,8,9,49,11,13
1jgl,8,0,1,47,22,32
1lnm,9,0,1,47,22,32
1ohr,9,2,12,26,59,23
1pxo,1,6,9,5,11,13
1t7j,9,2,15,21,55,83
1w13,9,12,15,6,79,63
1xap,3,0,1,15,0,0
2b7d,9,14,15,6,6,4
2f8g,9,2,15,21,55,83
2fmb,2,2,12,16,59,23
2h4n,1,8,9,51,63,79
2jh0,3,14,13,33,52,38
2ojj,1,6,39,24,46,18
2uwo,3,14,13,33,52,38
2vj8,8,19,20,35,13,34
2wgj,3,17,39,3,37,92
2wyg,3,14,13,33,52,38
2y5f,3,17,27,32,28,95
2y7z,3,17,13,46,52,38
2y81,3,14,13,46,52,38
3brn,8,16,7,52,10,52
3d9z,1,8,9,49,32,48
3eqr,3,17,27,32,28,53
3hvj,3,17,27,32,6,4
3i5z,3,6,39,24,46,4
3i60,3,6,39,24,46,4
3s73,1,16,21,52,56,87
4a7i,8,19,20,33,24,58
4bah,8,19,20,35,13,34
4eo6,3,19,20,15,0,57
4hy1,3,17,27,3,27,92
3ckz,4,4,19,18,12,68
3lik,9,14,15,6,79,11
3p8o,9,2,12,16,59,60
3ts4,9,14,15,6,79,11
4ish,3,17,27,20,23,4
4ivb,3,19,24,43,27,46
1b6k,9,2,12,26,76,23
1mjj,9,12,15,6,79,63
1sdv,9,2,12,16,59,23
2vkm,9,2,15,26,76,11
3rz1,4,18,32,42,26,97
4ei4,3,19,24,43,27,46
4gii,1,6,3,24,46,18
1bnv,1,8,13,33,52,61
1d4l,9,2,15,26,55,83
1qft,6,15,2,37,7,74
1x38,4,4,3,18,38,81
1zp8,9,2,15,21,55,83
2wkz,9,2,12,16,59,60
3b5r,1,14,32,42,26,97
3qdd,1,6,29,5,2,88
4e4l,3,17,13,43,37,38
4m0f,9,0,1,47,75,33
1fkn,2,11,11,19,9,91
1g46,1,8,9,49,11,13
1w5w,9,2,36,26,5,67
3d1z,9,2,15,21,55,83
3oaf,1,6,29,5,30,88
3rt4,2,12,10,17,65,77
1ork,9,2,12,20,54,0
1g54,1,8,9,49,11,13
1m0b,9,2,12,26,59,23
2zxg,9,12,15,35,13,34
3fvk,4,4,19,18,12,68
3nu4,9,2,15,21,55,83
4i5c,3,17,39,43,37,92
4ks1,8,19,5,12,3,76
1lhu,8,0,1,47,22,32
3mxd,9,2,15,21,55,83
1d4i,9,2,36,26,5,11
2avo,9,2,12,16,59,23
3b67,4,14,32,42,26,97
4gj3,1,6,3,49,6,18
2xej,9,12,5,6,65,63
1n3i,4,19,22,54,38,81
1nfy,3,14,13,46,52,38
1nt1,9,17,15,35,13,95
2idw,9,2,15,21,55,83
2y7x,3,14,13,46,52,38
3ekp,9,2,15,21,55,83
3vhc,3,17,29,28,2,88
3zze,1,6,3,24,66,1
3egt,8,19,20,56,69,76
4bak,9,12,20,35,13,34
1ec1,9,2,36,16,5,67
1kzn,9,2,12,16,59,47
1r1h,9,12,15,6,13,34
3k37,8,12,5,1,3,76
4e6d,3,17,39,43,37,46
4heg,9,2,15,21,55,83
4bam,9,19,20,35,13,34
1j37,8,16,7,10,19,17
1nfw,3,14,39,11,37,38
2p4j,9,2,12,26,59,23
3dcc,1,8,9,49,32,48
3i9g,8,3,8,44,58,22
3rz7,4,14,32,42,26,97
3v5p,3,17,24,3,27,92
4ag8,3,6,39,11,37,39
4k18,3,6,3,24,46,18
1apv,9,12,5,1,65,19
1e3g,8,0,1,47,22,32
1fm9,3,17,27,58,76,47
1k27,4,19,22,54,61,49
1mq5,3,17,27,3,28,42
1mu8,4,14,32,6,6,99
1y0l,8,19,29,5,24,88
2j4i,9,14,13,46,52,38
2wyj,3,14,13,33,52,38
3dcw,1,8,9,5,32,48
3jrx,9,2,12,26,76,0
3u6h,3,17,27,32,28,53
3u6i,3,17,27,58,28,47
3ui7,3,17,24,28,2,72
4h3f,3,17,27,32,28,53
2q54,9,2,15,26,76,11
4baq,9,12,20,35,13,34
4jh0,3,17,24,28,2,72
1ec3,9,2,36,16,5,60
1g53,1,8,9,49,11,13
1qkt,8,0,1,47,22,32
3m37,3,14,32,42,72,82
3vfb,9,2,15,21,55,83
1ebw,9,2,12,26,65,23
1ezq,3,17,15,28,76,34
1kdk,8,0,1,47,22,32
1s63,3,17,24,32,28,72
3hb4,3,0,1,47,22,32
3nu9,9,2,15,21,55,83
4e4n,3,19,20,43,0,57
4i72,4,4,22,54,38,49
1nw4,4,4,22,54,38,81
2qd8,9,2,15,21,55,83
3gba,4,4,19,18,12,68
1bnw,1,8,9,49,11,61
2rkf,9,2,15,26,59,23
3a2o,9,2,15,26,55,0
3ffg,3,14,27,20,72,82
3sue,9,2,12,16,59,33
1d3d,3,17,27,58,28,42
1msn,9,2,15,26,76,11
2v58,1,8,16,7,39,66
2w8y,3,0,1,47,22,32
1h22,8,19,20,35,21,95
2qd7,9,2,15,21,55,83
3lea,3,14,39,11,37,4
3lpk,9,2,15,21,55,83
3mdz,1,8,9,5,32,48
3o56,3,17,27,43,27,92
3pwm,9,2,15,21,55,83
3vf7,9,2,15,21,55,83
4az6,4,4,19,18,38,80
4hws,1,14,13,49,11,13
1d9i,9,14,13,35,52,34
1ta6,9,12,20,35,13,34
2wb5,3,19,20,35,13,81
2qmg,9,2,15,26,76,47
2xjx,3,17,27,32,28,95
3d91,9,2,12,26,59,23
3ibu,8,3,8,44,58,22
8cpa,9,12,15,6,79,63
1z71,3,14,32,11,6,99
2fgu,9,2,12,16,59,23
2xb7,9,17,27,32,28,53
3ozg,4,18,22,54,38,81
3vfa,9,2,15,21,55,83
1mh5,9,12,15,6,79,63
1d4k,9,2,12,26,76,23
1fcz,3,0,1,15,0,0
1hpo,3,17,13,58,76,47
1hps,9,2,15,26,59,23
1hpv,9,2,15,21,55,83
1uho,3,17,27,32,52,53
1x39,4,4,19,18,38,81
1zvx,1,14,13,33,52,38
2cer,4,4,20,18,38,81
2o4l,9,14,32,46,72,82
3rwp,3,17,39,32,28,92
4jia,3,17,39,32,28,53
4dv8,8,19,20,35,13,34
2avv,9,2,12,16,59,23
3zlr,3,17,27,58,46,4
1sdt,9,2,12,16,59,23
2xab,1,6,3,39,30,94
3b65,6,15,2,37,7,8
3nzk,3,19,20,35,54,34
1xow,8,0,1,47,22,32
3kdc,9,2,15,26,76,11
3p8n,9,2,12,16,59,60
3rux,9,18,22,54,61,49
3vhd,3,6,29,5,2,88
4asd,1,14,32,42,72,82
4n6h,3,17,27,20,23,65
2ayr,3,17,27,58,76,42
2iw4,5,10,28,22,57,10
2yxj,9,2,36,46,5,44
3nu6,9,2,15,21,55,83
4er2,2,12,10,17,65,2
1bn4,1,8,9,49,11,61
3rdq,8,3,8,12,24,58
2aqu,9,2,12,16,59,60
1bn1,1,8,9,49,11,61
3vf5,9,2,15,21,55,83
2e27,4,4,19,18,54,81
2p95,3,6,39,11,37,18
3nuj,9,2,15,21,55,83
4ca5,9,2,36,26,5,11
1ebz,9,2,15,26,76,11
1fkf,2,2,12,16,75,33
1ksn,3,14,13,28,2,38
1met,9,2,36,58,5,67
1pme,3,6,39,11,46,39
2o4r,8,0,1,47,22,32
2w26,3,14,13,24,52,18
4a4q,9,2,12,16,59,60
4erf,9,17,15,15,0,0
3ekv,9,2,15,21,55,83
3ekx,9,2,12,26,59,23
1hsh,9,2,12,16,59,23
3bgs,4,19,22,54,38,81
3rbu,5,7,17,40,45,70
1g1d,1,8,9,49,11,13
4b7p,3,17,27,3,54,18
1qbs,9,2,36,58,5,67
1xjd,3,17,27,20,23,65
1bnq,1,8,13,33,52,61
1hvr,9,2,36,58,5,67
1s19,8,0,1,47,22,32
2p4s,4,19,22,54,38,81
1m4h,2,11,11,19,9,91
2ax9,1,8,32,42,26,97
2bys,8,19,20,35,21,27
2g94,9,12,10,26,65,23
2gvj,8,19,20,35,37,95
2hoc,1,8,9,49,11,13
3fv3,2,12,10,17,65,2
3g5k,8,12,5,1,3,76
4ivd,3,17,24,43,27,46
1g52,1,8,9,49,11,13
2pog,3,6,3,28,21,27
3ppm,8,19,20,35,21,27
4afh,8,19,20,35,21,27
1dmp,9,2,36,58,5,67
1ws1,8,12,5,1,3,76
4gr0,9,14,15,46,79,11
1i37,8,0,1,47,22,32
1o86,8,19,20,35,13,34
2z4o,9,2,15,21,55,83
4ax9,9,14,15,6,79,63
4gql,9,2,36,46,79,11
4gqp,8,3,21,12,19,52
3s56,9,2,12,16,59,23
1if8,3,19,13,33,52,38
2zx8,4,4,19,18,38,81
3el1,9,2,12,16,59,60
3s54,9,2,15,21,55,83
4b7r,8,3,5,1,3,76
3pe1,1,6,39,11,46,39
3dp9,8,19,20,43,61,49
1bnu,1,8,9,49,11,61
1df8,8,19,7,12,24,58
1eby,9,2,36,26,5,67
1fkb,2,2,12,16,75,33
1mrw,9,2,12,15,59,0
2vh6,3,14,13,46,52,38
3sm2,9,2,15,21,55,83
4fk6,3,17,39,43,27,92
1z6e,3,14,32,42,72,82
3fuc,4,18,17,42,26,97
1nh0,9,2,15,26,79,11
3dk1,9,2,15,21,55,83
3p3g,1,6,3,39,54,94
3ggu,9,2,15,21,55,83
456c,1,14,13,33,52,38
1bnt,1,8,9,49,11,61
3lxk,3,19,20,43,27,92
3nuo,9,2,15,21,55,83
1pvn,0,18,17,45,20,28
3m36,3,14,32,42,72,82
3nu3,9,2,15,21,55,83
4eb8,4,4,22,54,38,81
2xef,2,11,10,17,33,77
2std,1,19,29,5,2,1
3kdb,9,2,12,26,59,11
3rdo,8,19,7,12,24,58
1bn3,1,8,9,49,11,61
2drc,3,14,22,6,6,99
1hxb,9,2,12,16,59,23
1zsf,9,2,12,26,59,23
2vnp,0,7,17,56,8,5
3ies,0,14,34,46,42,4
3rlb,1,19,29,5,2,88
1hvl,9,2,36,16,59,60
1bv9,9,2,36,16,5,67
1fjs,3,14,27,32,6,4
2xmy,3,14,13,33,52,38
1bnn,1,8,9,33,11,61
1bxo,9,2,12,26,65,23
1d4h,9,2,36,26,76,11
1ec2,9,2,36,16,5,60
1flr,1,6,3,31,71,9
1gar,9,14,15,6,79,99
1rjk,8,0,1,47,22,32
3h5b,9,2,15,21,55,83
4ivc,3,17,24,43,27,46
4lhv,0,9,34,9,17,37
3mxe,9,2,15,21,55,83
1n4k,0,7,35,4,62,78
1nm6,3,17,27,35,76,95
3lzu,9,2,15,21,55,83
1sdu,9,2,12,26,59,23
1sr7,9,0,1,47,22,32
2o4j,8,0,1,47,22,32
2p16,3,17,27,32,28,53
1y6r,4,19,22,54,61,49
4f3k,3,19,22,54,61,49
3ps1,1,6,3,24,54,18
3u8n,8,19,20,12,24,46
4ggz,8,19,7,12,24,58
1ie9,8,0,1,47,22,32
2qi3,9,2,15,21,55,83
2qi7,9,2,15,21,55,83
3t3c,9,2,15,21,55,83
1qbu,9,2,15,58,76,47
1rr6,4,4,22,54,38,81
1bv7,9,2,36,16,5,67
1c70,9,2,12,16,59,23
1hvs,9,2,36,16,59,60
2p15,3,0,1,47,22,32
4djq,9,2,15,21,55,83
4std,1,8,3,39,66,21
3i6o,9,2,15,21,55,83
4lvt,9,2,36,16,5,44
1c4u,9,14,13,46,52,38
1kzk,9,2,15,26,76,11
2qi4,9,2,15,21,55,83
4ffs,8,19,20,43,61,49
2o4k,9,2,12,16,59,60
1msm,9,2,15,26,76,11
2zx7,4,4,19,18,38,81
5std,3,6,24,28,46,94
2o4s,9,2,15,26,59,23
1b8n,4,4,22,54,38,81
1if7,3,19,13,33,52,38
1n46,3,6,13,28,2,18
2f81,9,2,15,21,55,83
1g2o,4,4,22,54,38,81
4djp,9,2,15,21,55,83
1qbr,9,2,36,16,5,67
2qi6,9,2,15,21,55,83
3djk,9,2,15,21,55,83
3ekt,9,2,15,21,55,83
3lzv,9,2,15,21,55,83
1qbt,9,2,36,16,5,67
2xei,9,12,15,6,79,63
4lch,9,14,15,6,54,11
1b8o,4,4,22,54,38,81
1dif,2,2,12,16,59,60
3cs7,3,17,27,32,72,82
2pk5,9,2,36,16,59,11
2wva,0,9,34,9,69,86
2xeg,9,12,15,6,79,63
3o9a,9,2,15,21,55,83
4agc,3,6,39,11,37,39
2o4p,9,14,32,46,72,82
3o9d,9,2,15,21,55,83
7std,1,19,29,5,2,1
3gi4,9,2,15,21,55,83
4hla,9,2,15,21,55,83
1ebg,5,10,30,40,45,40
1hxw,9,2,12,26,59,23
3o99,9,2,15,21,55,83
2qi5,9,2,15,21,55,83
3i7e,9,2,15,21,55,83
2pk6,9,2,12,16,59,11
4i8w,9,2,15,21,55,83
1hvi,9,2,36,16,59,60
1hvk,9,2,36,16,5,60
1m7y,4,18,17,45,69,15
3lzs,9,2,15,21,55,83
4ase,3,17,39,24,2,4
4kb9,9,2,15,21,55,83
1dqx,0,18,17,45,73,5
1q84,3,17,27,58,28,65
4i8z,9,2,15,21,55,83
1eix,0,18,17,45,73,5
1x1z,0,18,17,45,73,5
3k8o,4,4,22,54,38,81
1d4y,9,14,32,46,72,82
3std,3,6,24,28,21,94
2i4v,9,2,15,21,55,83
3gi5,9,2,15,21,55,83
3gi6,9,2,15,21,55,83
3ok9,9,2,15,21,55,83
1hpx,9,2,12,26,59,23
3k8q,4,4,22,54,38,81
1pro,9,2,36,58,76,47
2q5k,9,2,15,26,59,23
2xpk,3,19,20,35,38,81
3o9e,9,2,15,21,55,83
3st5,9,2,15,21,55,83
4f2w,8,19,22,54,61,49
4gbd,4,18,22,54,61,49
2hb3,9,2,15,21,55,83
1hvj,9,2,12,16,59,60
2i0a,9,2,15,21,55,83
1lyb,2,12,10,17,65,2
4djo,9,2,15,21,55,83
6cpa,9,12,15,6,79,63
3qaa,9,2,15,21,55,83
2i4u,9,2,15,21,55,83
3qoz,9,2,15,21,55,83
2i4w,6,15,2,37,7,8
2i4d,9,2,15,21,55,83
1y6q,8,19,22,54,61,49
2i4x,9,2,15,21,55,83
4dfg,9,2,15,21,55,83
1duv,4,7,17,10,24,58
3o9i,9,2,15,21,55,83
4f3c,8,19,20,43,61,49
1sl3,3,14,32,42,6,99
1ctu,4,4,19,18,38,68
